Coin Name,Complete Name,Algorithm,Proof Type,Total Coin Supply
EqualCoin,EqualCoin (EQUAL),X13,PoW/PoS,1000000000
Golem Network Token,Golem Network Token (GNT),N/A,N/A,1000000000
CyberCoin,CyberCoin (CC),Scrypt,PoW/PoS,0
Litestar Coin,Litestar Coin (LTS),N/A,PoW/PoS,120000000
GameX,GameX (GAMEX),N/A,N/A,10000000000
E-Gulden,E-Gulden (EFL),Scrypt,PoW,21000000 
GrandCoin,GrandCoin (GDC),Scrypt,PoW,1420609614
BitJob,BitJob (STU),N/A,N/A,200000000
Stability Shares,Stability Shares (XSI),Scrypt,PoW/PoS,15000000
Tetra,Tetra (TRA),Scrypt,PoW,N/A
BlazerCoin,BlazerCoin (BLAZR),Scrypt,PoW,294336000
Ribbit Rewards,Ribbit Rewards (RBR),Multiple,PoW,1000000000
NVO,NVO (NVST),N/A,N/A,30000000
Gimli,Gimli (GIM),N/A,N/A,150000000
BitConnect Coin,BitConnect Coin (BCCOIN),Scrypt,PoW/PoS,28000000
Emphy,Emphy (EPY*),N/A,N/A,15375000
CabbageUnit,CabbageUnit (CAB),N/A,PoS,10499999.99999999
EdgeCoin,EdgeCoin (EDGE),SHA256,PoW/HiPoS,N/A
REAL,REAL (REAL),N/A,N/A,19717289.2292
Vtorrent,Vtorrent (VTR),Scrypt,PoW/PoS,20000000
Blockchain Capital,Blockchain Capital (BCAP),N/A,N/A,10000000
BioBar,BioBar (BIOB),SHA256D,PoW/PoS,60000000
MegaCoin,MegaCoin (MEC),Scrypt,PoW,42000000
Dirac Coin,Dirac Coin (XDQ),Blake,PoW,2272800
AcesCoin,AcesCoin (ACES),X13,PoS,100000000
Pillar,Pillar (PLR),N/A,N/A,800000000
BitCrystal,BitCrystal (BTCRY),N/A,N/A,0
B3 Coin,B3 Coin (B3),X11,PoW/PoS,N/A
Gemz Social,Gemz Social (GEMZ),N/A,PoW,90000000
Community Coin,Community Coin (COMM),Scrypt,PoW/PoS,1000000000
Solar DAO,Solar DAO (SDAO),N/A,N/A,80000000
Cryptodex,Cryptodex (CDX*),N/A,N/A,100000000
DIMCOIN,DIMCOIN (DIM),N/A,N/A,10000000 
Bitcoin Planet,Bitcoin Planet (BTPL),Skein,PoW/PoS,100000000
Realisto,Realisto (REA),N/A,N/A,N/A
CryptoWorldXToken,CryptoWorldXToken (CWXT),N/A,PoW/PoS,100000000
OroCoin,OroCoin (ORO),Scrypt,PoW,23529412
Janus,Janus (JNS),N/A,N/A,100000000
Game,Game (GTC),N/A,N/A,2000000000
Cofound.it,Cofound.it (CFI),N/A,N/A,500000000
UR,UR (UR),Dagger,PoW,N/A
LuckyCoin,LuckyCoin (LKY),Scrypt,PoW,20000000
Orocrypt,Orocrypt (OROC),N/A,N/A,?1112000
LanaCoin,LanaCoin (LANA),SHA256D,PoW/PoS,7506000000
ArkDAO,ArkDAO (BOTS),N/A,N/A,N/A
JouleCoin,JouleCoin (XJO),SHA256,PoW,45000000
MarsCoin ,MarsCoin  (MARS),X11,PoW,33000000
Hive,Hive (HIVE),N/A,N/A,N/A
BMChain,BMChain (BMT),N/A,N/A,1000000000
Synereo,Synereo (AMP),N/A,Pow/PoSC,927786732.665189
Krypton,Krypton (KR),Dagger-Hashimoto,PoW,N/A
TrollPlay,TrollPlay (TPAY),Scrypt,PoW/PoS,N/A
2BACCO Coin,2BACCO Coin (2BACCO),Scrypt,PoW/PoS,81454545
Bogcoin,Bogcoin (BOG),SHA256,PoW,21212121
Einsteinium,Einsteinium (EMC2),Scrypt,PoW,299792458
Tronix,Tronix (TRX),N/A,N/A,100000000000
Zeta2Coin,Zeta2Coin (ZET2),Quark,PoW/PoS,1200000
FunFair,FunFair (FUN),N/A,N/A,17173696076
Ethos,Ethos (ETHOS),N/A,N/A,222295208.2384
Universal Currency,Universal Currency (UNIT),SHA256,PoW/PoS,210000000
Everus,Everus (EVR),N/A,N/A,1000000000
ArtexCoin,ArtexCoin (ATX),X11,PoW,500000000
Anoncoin,Anoncoin (ANC),N/A,PoW,4200000
FuturePoints,FuturePoints (FTP),X11,PoS,360000000
Sense,Sense (SNS),N/A,N/A,100000000
Bytether?,Bytether? (BTH),N/A,N/A,21000000
Xcash,Xcash (XCASH),Scrypt,PoW/PoS,2400000
Atomic Coin,Atomic Coin (ATOM),Scrypt,PoW/PoS,12000000
EthBits,EthBits (ETBS),N/A,N/A,1634690.762741201212
Zcrypt,Zcrypt (ZXT),N/A,PoW/PoZ,101000000
OrangeCoin,OrangeCoin (OC),Scrypt,PoW/PoS,200000000
Giga Watt,Giga Watt (WTT),N/A,N/A,10800000
CashOut,CashOut (CSH),SHA256,PoW,100000000
Honey,Honey (HONEY),Blake2S,PoW/PoS,7000000
Cryptokenz,Cryptokenz (CYT),PoS,PoS,N/A
PentaCoin,PentaCoin (PTA),SHA256,PoW/PoS, 1311955 
Omni,Omni (OMNI),Scrypt,PoW,616448
Cryptsy Points,Cryptsy Points (POINTS),N/A,N/A,0
Quazar Coin,Quazar Coin (QCN),CryptoNight,PoW,N/A
MetalCoin,MetalCoin (METAL),Scrypt,PoW,0
DigitalNote ,DigitalNote  (XDN),CryptoNight,PoW,8589869056
Dark Moon,Dark Moon (MOOND),Scrypt,PoW/PoS,420000000
Gram Coin,Gram Coin (GRAM),N/A,PoW,0
EverGreenCoin,EverGreenCoin (EGC),X15,PoW/PoS,26298000
GoaCoin,GoaCoin (GOA),NeoScrypt,PoW,32000000
OldSafeCoin,OldSafeCoin (OLDSF),N/A,PoS,N/A
GoldPieces,GoldPieces (GP),X11,PoW/PoS,0
WealthCoin,WealthCoin (WEALTH),DPoS,PoS,N/A
CryptoABS,CryptoABS (CABS),N/A,N/A,N/A
TamaGucci,TamaGucci (TAM),Scrypt,PoW/PoS/PoC,5300000
BitSerial,BitSerial (BTE*),N/A,N/A,28000000
PayCoin,PayCoin (PYC),Scrypt,PoW/PoS,30000000
Edgeless,Edgeless (EDG),N/A,N/A,132046997
VirtaCoin,VirtaCoin (VTA),Scrypt,PoW,21000000000
Rupee,Rupee (RUP),Scrypt,PoW,84000000
GrowthCoin,GrowthCoin (GRW),Scrypt,PoS,37368000
NubisCoin,NubisCoin (NUBIS),SHA256D,PoW/PoS,N/A
Starta,Starta (STA),N/A,N/A,N/A
Cardano,Cardano (ADA),Ouroboros,PoS,45000000000
Cygnus,Cygnus (CYG),X11,PoW/PoS,25885320
FindCoin,FindCoin (FIND),X13,PoS,14524851.4827
Event Token,Event Token (EVENT),Scrypt,PoW/PoS,0
PinkCoin,PinkCoin (PINK),X11,PoW/PoS,500000000
iXledger,iXledger (IXT),N/A,N/A,65778843.8311
UltraCoin,UltraCoin (UTC),Scrypt,PoW/PoS,100000000
Twelve Coin,Twelve Coin (TWLV),T-Inside,PoW/PoS,0
Elektron,Elektron (EKN),X13,PoW/PoS,3000000
Tezos,Tezos (XTZ),N/A,DPoS,N/A
Giga Hash,Giga Hash (GHS),N/A,N/A,0
KexCoin,KexCoin (KEX),N/A,N/A,10000000
Karmacoin,Karmacoin (KARM),Scrypt,PoW,92
AppCoins,AppCoins (APPC),N/A,N/A,246203093
MarsCoin,MarsCoin (MRS),X11,PoW,33000000
Metal Music v3,Metal Music v3 (MTLM3),Scrypt,PoW/PoS,2500000000
LEOcoin,LEOcoin (LEO),Scrypt,PoW,1000000000
AlphaCoin,AlphaCoin (ALF),Scrypt,PoW,210182000
MaidSafe Coin,MaidSafe Coin (MAID),N/A,N/A,452552412
Dynamic,Dynamic (DYN),Argon2,PoW,44738100
Zeusshield,Zeusshield (ZSC),N/A,N/A,5642500000
Hubiit,Hubiit (HBT),N/A,N/A,"31,801,783.6598"
Starbase,Starbase (STAR),N/A,N/A,1000000000
Trigger,Trigger (TRIG),N/A,N/A,100000000
TribeToken,TribeToken (TRIBE),N/A,N/A,N/A
MysteryCoin,MysteryCoin (MYST*),X11,PoW,32433366
ZCash,ZCash (ZEC),Equihash,PoW,21000000
Minerals Coin,Minerals Coin (MIN),X11,PoW/PoS,1000000
TrumpCoin,TrumpCoin (TRUMP),Blake,PoS,12000000
Enigma,Enigma (XNG),X11,PoW/PoS,5000000
Impact,Impact (IMX),X11,PoW/PoS,110000000
ROS Coin,ROS Coin (ROS),X11,PoW/PoS,0
UnCoin,UnCoin (UNC),X11,N/A,144000000000
Footy Cash,Footy Cash (XFT),Scrypt,PoW,4500000
Worldcore,Worldcore (WRC),N/A,N/A,245209299
ZedCoins,ZedCoins (ZED),Scrypt,PoW,120000000
SelfKey,SelfKey (KEY),N/A,N/A,6000000000
TerraCoin,TerraCoin (TRC),SHA256,PoW,42000000
Quotient,Quotient (XQN),Scrypt,PoW/PoS,0
1Credit,1Credit (1CR),Scrypt,PoW,92000000000
WePower,WePower (WPR),N/A,N/A,289000000
Universa,Universa (UTN),N/A,N/A,N/A
ReturnCoin,ReturnCoin (RNC),X11,PoS,250000000
Bitcoin Cash / BCC,Bitcoin Cash / BCC (BCH),SHA256,PoW,21000000
StarterCoin,StarterCoin (STAC),N/A,N/A,301128956
X11 Coin,X11 Coin (XC),X11,PoW/PoS,5500000
MasterTraderCoin,MasterTraderCoin (MTR),X11,PoW/PoS,10110000
Sling Coin,Sling Coin (SLING),SHA256,PoW,1000000
X8Currency,X8Currency (X8X),N/A,N/A,100000000
Fuzzballs,Fuzzballs (FUZZ),Scrypt,PoW,21000000
Prizm,Prizm (PZM),SHA256,PoS,600000000000000
MediBond,MediBond (MEDI),N/A,N/A,250000000
StockBet,StockBet (STOCKBET),N/A,N/A,N/A
Siacoin,Siacoin (SC),Blake2b,PoW,0
Coin.2,Coin.2 (C2),Scrypt,PoW/PoS,N/A
Unobtanium,Unobtanium (UNO),SHA256,PoW,250000
YAcCoin,YAcCoin (YAC),Scrypt,PoW,2000000000
Elements,Elements (ELM),X11,PoW,1800000000
Datum,Datum (DAT),N/A,N/A,2653841597.973271663912484125
Gold Pressed Latinum,Gold Pressed Latinum (GPL),N/A,PoW/PoS,1000000
Umbrella,Umbrella (ULTC),SHA256,PoW,2625000
ChildCoin,ChildCoin (CHILD),X11,PoW,2000000
Bikercoins,Bikercoins (BIC),CryptoNight,PoW,25000000
Saturn2Coin,Saturn2Coin (SAT2),Scrypt,PoW,15000000000
SoleCoin,SoleCoin (SOLE),X15,PoW/PoS,1200000
GCoin,GCoin (GCN),Scrypt,PoW,200000000000
MilkCoin,MilkCoin (MUU),SHA256,PoW/PoS ,4500000000
BetaCoin,BetaCoin (BET),SHA256,PoW,32000000
Cannabis Industry Coin,Cannabis Industry Coin (XCI),CryptoNight,PoW,21000000
BitSeeds,BitSeeds (XSEED),SHA256,PoW/PoS,0
Bowhead Health,Bowhead Health (AHT*),N/A,N/A,100000000
Fitcoin,Fitcoin (FIT),X11,PoW/PoS,8880000000
Ultimate Secure Cash,Ultimate Secure Cash (USC),SHA256,PoS,200084200
Verify,Verify (CRED),N/A,N/A,29997543
Rimbit,Rimbit (RBT),N/A,N/A,0
Ormeus Coin,Ormeus Coin (ORME),N/A,N/A,200000000
GridPay,GridPay (GRID*),N/A,N/A,0
Horse Power,Horse Power (HSP),Scrypt,PoW,2900000
Orbitcoin,Orbitcoin (ORB),NeoScrypt,PoW/PoS,3770000
BowsCoin,BowsCoin (BSC),X11,PoW,21000000
Turron,Turron (TUR),N/A,PoS,N/A
IMMLA,IMMLA (IML),N/A,N/A,226736000
Tokes,Tokes (TKS),N/A,N/A,50000000
SydPakCoin,SydPakCoin (SDP),X13,PoW/PoS,N/A
BlackCoin,BlackCoin (BLK),Scrypt,PoS,N/A
Motocoin,Motocoin (MOTO),N/A,PoP,40000000
AidCoin,AidCoin (AID),N/A,N/A,100000000
MyWish,MyWish (WISH),N/A,N/A,19803895.1235
WashingtonCoin,WashingtonCoin (WASH),X11,PoW/PoS,170000000
Tio Tour Guides,Tio Tour Guides (TIO*),N/A,N/A,17100000
Gulden,Gulden (NLG),Scrypt,PoW,1680000000
GuccioneCoin,GuccioneCoin (GCC),Scrypt,PoW,39760000
Phreak,Phreak (PHR),PoS,PoS,30000000
F16Coin,F16Coin (F16),Scrypt,PoW/PoS,N/A
MiloCoin,MiloCoin (MILO),Scrypt,PoW/PoS,N/A
BlitzCoin,BlitzCoin (BLITZ),X13,PoS,3852156
Syndicate,Syndicate (SYNX),X11,PoW/PoS,N/A
United Traders Token,United Traders Token (UTT),N/A,N/A,100000000
Minex,Minex (MINEX),N/A,N/A,30000000
WandX,WandX (WAND),N/A,N/A,72000000
Triangles Coin,Triangles Coin (TRI),X13,PoW/PoS,120000
TrickyCoin,TrickyCoin (TRICK),PoS,PoS,N/A
MintCoin,MintCoin (MINT),Scrypt,PoS,0
Allsafe,Allsafe (ASAFE2),Scrypt,PoS,15000000
UltraNote,UltraNote (XUN),CryptoNight,PoW,85000000000
Ethereum Cash,Ethereum Cash (ECASH),N/A,N/A,15000000
Mothership,Mothership (MSP),N/A,N/A,200000000
SteamPunk,SteamPunk (PNK),PoS,PoS,40000000
NefariousCoin,NefariousCoin (NEF),Scrypt,PoW/PoS,4835000000
BlockMason Credit Protocol,BlockMason Credit Protocol (BCPT),N/A,N/A,116158667
Trollcoin,Trollcoin (TROLL),Scrypt,PoW/PoS,900000000
Dragon Coin,Dragon Coin (DRG),N/A,N/A,500000000
TBIS token,TBIS token (BAR),N/A,N/A,100000000
TappingCoin,TappingCoin (TAP),X11,PoW/PoS,5000000000
Alqo,Alqo (ALQO),Quark,PoW/PoS,57879300
Credo,Credo (CFT*),N/A,N/A,N/A
Red Pulse,Red Pulse (RPX),N/A,N/A,1358371250
Publica,Publica (PBL),N/A,N/A,33787150
3DES,3DES (3DES),N/A,N/A,35000000
DraculaCoin,DraculaCoin (DRA),Scrypt,PoW,N/A
TOA Coin,TOA Coin (TOA),Scrypt,PoW/PoS,N/A
Dent,Dent (DENT),N/A,N/A,100000000000
FastCoin,FastCoin (FST),Scrypt,PoW,165888000
Qvolta,Qvolta (QVT),N/A,N/A,21600000 
SpankChain,SpankChain (SPANK),N/A,N/A,1000000000
Bata,Bata (BTA),Scrypt,PoW,5000000
BlockNet,BlockNet (BLOCK),N/A,PoW/PoS,N/A
HyperCoin,HyperCoin (HYPER),Scrypt,PoW/PoS,0
JobsCoin,JobsCoin (JOBS),X11,PoW/PoS,20000000000
SpaceCoin,SpaceCoin (SPACE),Scrypt,PoW/PoS,N/A
OmegaCoin,OmegaCoin (OMA),X15,PoW/PoS,N/A
Relex,Relex (RLX),N/A,N/A,2000000000
SHIELD,SHIELD (XSH),Multiple,PoW,660000000
Moya Token,Moya Token (MTK),N/A,N/A,125000000
Social Nexus,Social Nexus (SCL),N/A,N/A,16714019.6643
Timereum,Timereum (TME),N/A,N/A,N/A
MegaFlash,MegaFlash (MEGA),N/A,N/A,300000
BERNcash,BERNcash (BERN),X14,PoW/PoS,N/A
AventCoin,AventCoin (AVT),N/A,N/A,10000000
Digital Developers Fund,Digital Developers Fund (DDF),N/A,N/A,250000000
Yoyow,Yoyow (YOYOW),N/A,N/A,62000000
TorCoin,TorCoin (TOR),X11,PoW/PoS,10000000
Ardor,Ardor (ARDR),N/A,PoS,1000000000
Elacoin,Elacoin (ELC),Scrypt,PoW,75000000
TodayCoin,TodayCoin (TODAY),Scrypt,PoW,39200000
FrazCoin,FrazCoin (FRAZ),Scrypt,PoW,20000000
Eclipse,Eclipse (EC),SHA256D,PoW/PoS,N/A
Centra,Centra (CTR),N/A,N/A,100000000
RoyalCoin,RoyalCoin (ROYAL),X13,PoS,N/A
Global Currency Reserve,Global Currency Reserve (GCR),N/A,PoS,0
CHIPS,CHIPS (CHIPS),SHA256,PoW,21000000
Guppy,Guppy (GUP),N/A,N/A,100000000
Papyrus,Papyrus (PRP),N/A,N/A,N/A
Hedgecoin,Hedgecoin (HEDG),X13,PoW,33000000
Anryze,Anryze (RYZ),N/A,N/A,321000000
VaultCoin,VaultCoin (VLTC),X11,PoW,1000000000
TrezarCoin,TrezarCoin (TZC),NeoScrypt,PoW/PoS,400000000
PlanetCoin,PlanetCoin (PLANET),Scrypt,PoW/PoS,1000000
EveryonesCoin,EveryonesCoin (EOC),Scrypt,PoW/PoS,N/A
Achain,Achain (ACT*),DPoS,DPoS,1000000000
Amsterdam Coin,Amsterdam Coin (AMS),Quark,PoW/PoS,N/A
DelightPay,DelightPay (DPAY),X13,PoW/PoS,90400000
SoonCoin,SoonCoin (SOON),SHA256,PoW,21000000
NewInvestCoin,NewInvestCoin (NIC),PoS,PoS,47090909
Klingon Empire Darsek,Klingon Empire Darsek (KED),Scrypt,PoW/PoS,500000000
Bitcedi,Bitcedi (BXC),CryptoNight,PoW,8589869056
 ClubCoin, ClubCoin (CLUB),Scrypt,PoW/PoS,N/A
Vezt,Vezt (VZT),N/A,PoW,125000000
Memessenger,Memessenger (MET),N/A,N/A,10000000
ByteCent,ByteCent (BYC),N/A,PoW,33000000
Cerium,Cerium (XCE),SHA256,PoW/PoS,2307925
LitecoinCash,LitecoinCash (LCASH),N/A,N/A,12000000
VertCoin,VertCoin (VTC),Lyra2RE,PoW,84000000
Bitfinex Bitcoin Future,Bitfinex Bitcoin Future (BT1),N/A,N/A,N/A
SSVCoin,SSVCoin (SSV),X13,PoW,21000000
Thecreed,Thecreed (TCR),QuBit,PoW/PoS,N/A
InvestFeed,InvestFeed (IFT),N/A,N/A,191381258
Network Token,Network Token (NTWK),N/A,N/A,50000000
Advanced Browsing Token,Advanced Browsing Token (ABT),N/A,N/A,300000000
BuildTeam,BuildTeam (BT),N/A,N/A,1000000
Gambit coin,Gambit coin (GAM),Scrypt,PoW/PoS,0
UnitaryStatus Dollar,UnitaryStatus Dollar (USDE),Scrypt,PoW/PoS,1600000000
Revenu,Revenu (REV),SHA256,PoW/PoS,222725000
Trade.io,Trade.io (TIO),N/A,N/A,500000000
QuBuck Coin,QuBuck Coin (QBK),X13,PoS/PoB,0
MCAP,MCAP (MCAP),N/A,N/A,100000000
Flash,Flash (FLX),Scrypt,PoW/PoS,1000000
AcidCoin,AcidCoin (ACID),SHA256,PoW,4500000000
SunContract,SunContract (SNC),N/A,N/A,7994751.31
MagnaCoin,MagnaCoin (MGN),Quark,N/A,30000000 
ArcticCoin,ArcticCoin (ARC),X11,PoW,60000000
Caviar,Caviar (CAV),N/A,N/A,375000000
Autoria,Autoria (AUT),N/A,N/A,N/A
Instamine Nuggets,Instamine Nuggets (MINE),Scrypt,PoW,21649485
EagleCoin,EagleCoin (EA),SHA256,PoW,40000000
Royal Kingdom Coin,Royal Kingdom Coin (RKC),N/A,N/A,15000000
ExeCoin,ExeCoin (EXE),Scrypt,PoW,21000000 
Kin,Kin (KIN),N/A,N/A,10000000000000
Prosense.tv,Prosense.tv (VRP),N/A,N/A,720000000
Lunyr,Lunyr (LUN),N/A,N/A,2703356.0785
QubitCoin,QubitCoin (Q2C),QuBit,N/A,N/A
NXTI,NXTI (NXTI),N/A,N/A,N/A
Circuits of Value,Circuits of Value (COVAL),Multiple,PoW,1000000000
OldV,OldV (OLV),Scrypt,PoW/PoS,N/A
Neutron,Neutron (NTRN),SHA256,PoW/PoS,68000000
MasterMint,MasterMint (MM),X11,PoS,1500000000
CoolCoin,CoolCoin (COOL),Scrypt,PoS,100000000
EDRCoin,EDRCoin (EDRC),SHA256,PoW/PoS,22000000
SmileyCoin,SmileyCoin (SMLY),Scrypt,PoW,50000000000
Quantum Resistant Ledger,Quantum Resistant Ledger (QRL),N/A,PoS,65000000
Wyrify,Wyrify (WYR),N/A,N/A,200000000
FlorinCoin,FlorinCoin (FLO),Scrypt,PoW,160000000
FonzieCoin,FonzieCoin (FONZ),SHA256,PoW/PoS,N/A
Eddie coin,Eddie coin (EDDIE),Scrypt,PoW/PoS,1000000000
Hush,Hush (HUSH),Equihash,PoW,21000000
ATLANT,ATLANT (ATL),N/A,N/A,54175041
DeepOnion,DeepOnion (ONION),X13,PoW/PoS,18898187.6216583
RChain,RChain (RHOC),N/A,N/A,870663574
Sojourn Coin,Sojourn Coin (SOJ),Scrypt,PoW,10500000000
Independent Money System,Independent Money System (IMS),Scrypt,PoW/PoS,21212121
Neurocoin,Neurocoin (NRC),PoS,PoS,N/A
Dynamic Trading Rights,Dynamic Trading Rights (DTR),N/A,N/A,3750000
Cubits,Cubits (QBT),SHA256,PoW/PoS,300000000
RotoCoin,RotoCoin (RT2),Scrypt-n,PoW/PoS,288000
Wink,Wink (WINK),PoS,PoS,80000000
CrowdCoin,CrowdCoin (CRC),NeoScrypt,PoW,N/A
OpenSourceCoin,OpenSourceCoin (OSC),SHA256,PoW/PoS,21000000
Uther,Uther (UTH),Dagger,PoW,25885320
StableCoin,StableCoin (SBC),Scrypt,PoW,250000000
ForexCoin,ForexCoin (FOREX),X15,PoW/PoS,N/A
Dutch Coin,Dutch Coin (DUTCH),Scrypt,PoW/PoS,440000000
Espers,Espers (ESP),HMQ1725,PoW/PoS,50000000000
LiteCoin Gold,LiteCoin Gold (LTG),N/A,N/A,84000000
Sex Pistols,Sex Pistols (SP),Scrypt,PoW/PoS,N/A
CosmosCoin,CosmosCoin (CMC),Scrypt,PoW/PoS,100000000
EcoBit,EcoBit (ECOB),N/A,N/A,N/A
SafeExchangeCoin,SafeExchangeCoin (SAFEX),Scrypt,PoC,2147483647
PayPie,PayPie (PPP),N/A,N/A,165000000
Mysterium,Mysterium (MYST),N/A,N/A,32433366
16BitCoin,16BitCoin (BIT16),NIST5,PoW/PoS,16000000
VIVO Coin,VIVO Coin (VIVO),NeoScrypt,PoW,27000000
Think And Get Rich Coin,Think And Get Rich Coin (TAGR),X15,PoW/PoS,30700000
E-Dinar Coin,E-Dinar Coin (EDR),X11,DPoS,999000000000000
NEO Gold,NEO Gold (NEOG),N/A,N/A,100000000 
FireCoin,FireCoin (FIRE),X15,PoW/PoS,N/A
Bitcoin Red,Bitcoin Red (BTCRED),N/A,N/A,21000000
WhiteCoin,WhiteCoin (WC),Scrypt,PoW/PoS,300000000
Huncoin,Huncoin (HNC*),X13,PoW,86400000
BitcoinFast,BitcoinFast (BCF),Scrypt,PoW/PoS,33000000
BitFinex Tokens,BitFinex Tokens (BFX),N/A,N/A,32000000
Etherparty,Etherparty (FUEL),N/A,N/A,1000000000
AeonCoin,AeonCoin (AEON),CryptoNight-Lite,PoW,18400000
Old Dogs New Tricks,Old Dogs New Tricks (ODNT),SHA256D,PoW/PoS,21000000
PokeChain,PokeChain (XPOKE),X13,PoS,75000000
PoSWallet,PoSWallet (POSW),Scrypt,PoW/PoS,41000000
Quartz,Quartz (QTZ),SHA256,PoW/PoS,0
Phalanx,Phalanx (PXL),SHA256,PoW,15000000
SibCoin,SibCoin (SIB),X11GOST,PoW,24000000
GIFTO,GIFTO (GTO),N/A,N/A,1000000000
Nas2Coin,Nas2Coin (NAS2),N/A,PoS,200000000
HamsterCoin,HamsterCoin (HAMS),Scrypt,PoW,20000000
Storj,Storj (STORJ),N/A,N/A,424999998
Cobinhood,Cobinhood (COB),N/A,N/A,1000000000
BitAsean,BitAsean (BAS),N/A,N/A,30000000
ALISmedia,ALISmedia (ALIS),N/A,N/A,287604611.0864
Arab League Coin,Arab League Coin (ALC),X13,PoW,N/A
CaliphCoin,CaliphCoin (CALC),SHA256,PoW,135000000
Sativa Coin,Sativa Coin (STV),X13,PoW/PoS,10000000
MachineCoin,MachineCoin (MAC),Time Travel,PoW,35000000
ViorCoin,ViorCoin (VIOR),Scrypt,PoW/PoS,0
Liquid,Liquid (LQD),N/A,N/A,99999.99
GXShares,GXShares (GXS),N/A,DPoS,100000000
GoldReserve,GoldReserve (XGR),X11,PoW/PoS,40000000
2GiveCoin,2GiveCoin (2GIVE),Scrypt,PoW/PoS,N/A
DaxxCoin,DaxxCoin (DAXX),Ethash,PoW,10000000000
PayPro,PayPro (PYP),N/A,N/A,25000000
DuxCoin,DuxCoin (DUX),Scrypt,PoW/PoS,1680000000
TeslaCoin,TeslaCoin (TES),Multiple,PoW/PoS,60800000
VectorCoin 2.0 ,VectorCoin 2.0  (VEC2),Dagger-Hashimoto,PoW,N/A
Crypto-X,Crypto-X (CWX),N/A,N/A,20333333 
Francs,Francs (FRN),Scrypt,PoW,20000000
Nimfamoney,Nimfamoney (NIMFA),N/A,N/A,100000000
TokenCard  ,TokenCard   (TKN),N/A,N/A,39406760
eBitcoin,eBitcoin (EBTC),N/A,N/A,21000000
ChainCoin,ChainCoin (CHC),N/A,N/A,23000000
Scrypto,Scrypto (SRT),N/A,N/A,9123000
PopularCoin,PopularCoin (POP),Scrypt,PoW,4999999999
FirstBlood,FirstBlood (1ST),N/A,N/A,93468691
CleverCoin,CleverCoin (CLV),N/A,PoS/PoW,0
Neumark,Neumark (NEU),N/A,N/A,1500000000
JiffyCoin,JiffyCoin (JIF),SHA256D,PoW,5108400
GBR Coin,GBR Coin (GBRC),Scrypt,PoW,87500000
Webcoin,Webcoin (WEB),N/A,PoW,100000000
DogeParty,DogeParty (XDP),N/A,N/A,0
ShadeCoin,ShadeCoin (SHADE),Scrypt,PoW/PoS,2000000
Asch,Asch (XAS),N/A,N/A,100000000
Gameflip,Gameflip (FLP),N/A,N/A,100000000
J Coin,J Coin (JPC*),N/A,N/A,100000000
RustCoin,RustCoin (RUST),Scrypt,PoW/PoS,21212121
EQUI,EQUI (EQ),N/A,N/A,500000000
JackPotCoin,JackPotCoin (JPC),SHA3,PoW/PoS,0
Bitz Coin,Bitz Coin (BITZ),N/A,PoS,0
Ubiq,Ubiq (UBQ),Dagger-Hashimoto,PoW,N/A
Node,Node (NODE),Curve25519,PoA,1000000000
Pure,Pure (PURE),X11,PoW/PoS,3686860
Bankera,Bankera (BNK),N/A,N/A,25000000000
Camcoin,Camcoin (CAM),X11,PoW/PoS,10000000
RootProject,RootProject (ROOTS),N/A,N/A,10000000000
Encrypgen,Encrypgen (DNA),N/A,N/A,75000000
Troll Payment,Troll Payment (TPG),PoS,N/A,N/A
Nexus,Nexus (NXS),SHA3,PoW/nPoS,78000000
Eurocoin,Eurocoin (EUC),SHA256,PoW/PoS,20000000
LAToken,LAToken (LA),N/A,N/A,1000000000
Beats,Beats (XBTS),X11,PoW/PoS,N/A
Bob Coin,Bob Coin (BOB),Scrypt,PoW,21000000
Kore,Kore (KORE),X13,PoW/PoS,13200000
Cryptonite,Cryptonite (XCN),M7 POW,PoW,1840000000
ECOcoin,ECOcoin (ECO),Scrypt,PoW/PoS,10733333
Eventchain,Eventchain (EVC),N/A,N/A,84000000
BitDice,BitDice (CSNO),N/A,N/A,100000000
Emerald,Emerald (EMD),Scrypt,PoW,31499000	
PharmaCoin,PharmaCoin (XPH),N/A,N/A,0
Cindicator,Cindicator (CND),N/A,N/A,2000000005
Breakout Stake,Breakout Stake (BRX),N/A,PoW/PoS,12500000
Nebulas,Nebulas (NAS),N/A,N/A,100000000
VapersCoin,VapersCoin (VPRC),Scrypt,PoW,42750000000
EthereumBitcoin,EthereumBitcoin (BTCE),N/A,N/A,21000000
FinTab,FinTab (FNT),N/A,N/A,16500000
NetCoin,NetCoin (NET),Scrypt,PoW,N/A
PoisonIvyCoin,PoisonIvyCoin (XPS),Scrypt,PoW/PoS,4666666667
Reality Clash,Reality Clash (RCC),N/A,N/A,150000000
QLINK,QLINK (QLC),N/A,N/A,600000000
SoilCoin,SoilCoin (SOIL),Dagger,PoW,30000000
DarkCash,DarkCash (DRKC),X11,PoW/PoS,3720000
aelf,aelf (ELF),N/A,N/A,1000000000
CETUS Coin,CETUS Coin (CETI),Scrypt,PoW/PoS,0
Symmetry Fund,Symmetry Fund (SYMM),N/A,N/A,N/A
BitSend,BitSend (BSD),X11,PoW/PoS,139000000
QuarkCoin,QuarkCoin (QRK),Multiple,PoW,247000000
ByteCoin,ByteCoin (BCN),CryptoNight,PoW,184467440735
BitBronze,BitBronze (BRONZ),Scrypt,PoW,4502400
Coin Magi,Coin Magi (XMG),M7M,PoW/PoM/PoSII,N/A
CoinLancer,CoinLancer (CL),N/A,N/A,300000000
Fuel2Coin,Fuel2Coin (FC2),X11,PoS,100000000
MonaCoin,MonaCoin (MONA),Scrypt,PoW,105120000
Klondike Coin,Klondike Coin (KDC),Scrypt,PoW,20000000
AquariusCoin,AquariusCoin (ARCO),Scrypt,PoW/PoS,42000000
The Hempcoin,The Hempcoin (THC),Scrypt,PoW/PoS,250000000
SexCoin,SexCoin (SXC),Scrypt,PoW,250000000
ARNA Panacea,ARNA Panacea (ARNA),N/A,N/A,1000000000
Monkey,Monkey (MNY),N/A,N/A,1000000000
RAFL,RAFL (RFL),N/A,N/A,100000000
AltoCar,AltoCar (ALTOCAR),N/A,N/A,N/A
Golos,Golos (GOLOS),N/A,PoW,N/A
BOOM Coin,BOOM Coin (BOOM),X13,PoW/PoS,0
Folding Coin,Folding Coin (FLDC),Stanford Folding,PoW,1000000000
X2Coin,X2Coin (X2),N/A,N/A,N/A
HireMatch,HireMatch (HIRE),N/A,N/A,N/A
BlackholeCoin,BlackholeCoin (BHC*),Scrypt,PoW/PoS,14788275.991
EggCoin,EggCoin (EGG),Scrypt,PoW/PoS,3891
Dark Lisk,Dark Lisk (DISK),X11,PoW/PoS,N/A
Gainer,Gainer (GNR),N/A,PoS,40000000
Wings DAO,Wings DAO (WINGS),N/A,N/A,100000000
PLNCoin,PLNCoin (PLNC),Scrypt,PoW/PoS,38540000 
Dentacoin,Dentacoin (DCN),N/A,N/A,8000000000000
FantomCoin ,FantomCoin  (FCN),CryptoNight,PoW,18400000
BigLifeCoin,BigLifeCoin (LFC),X11,PoW,9900000000
Dashcoin,Dashcoin (DSH),CryptoNight,PoW,18446744
LitecoinX,LitecoinX (LTCX),X11,PoW,84000000
REMME,REMME (REM),N/A,N/A,1000000000
ECC,ECC (ECC),Scrypt,PoS,25000000000
Droidz,Droidz (DRZ),QUAIT,PoW/PoS,5060000
MMNXT ,MMNXT  (MMNXT),N/A,N/A,50000000
Clinton,Clinton (CLINT),SHA256,PoW,2421227
ViaCoin,ViaCoin (VIA),Scrypt,PoW,23000000
2015 coin,2015 coin (2015),X11,PoW/PoS,0
FirstCoin,FirstCoin (FRST),Scrypt,PoW/PoS ,110000000
Farad,Farad (FRD),N/A,N/A,1600000000
Kolion,Kolion (KOLION),N/A,N/A,1000000
TajCoin,TajCoin (TAJ),Blake2S,PoW/PoS,36900000
Coinonat,Coinonat (CXT),NIST5,PoW,48252000
ReddCoin,ReddCoin (RDD),Scrypt,PoW/PoS,27500000000
NagaCoin,NagaCoin (NGC),N/A,N/A,400000000
Numismatic Collections,Numismatic Collections (XNC*),X13,PoW/PoS,23273860
Bytom,Bytom (BTM*),N/A,N/A,1407000000
iDice,iDice (ICE),N/A,N/A,2071013
PutinCoin,PutinCoin (PUT),Scrypt,PoW/PoS,2000000000
Oxycoin,Oxycoin (OXY),DPoS,DPoS,N/A
FLiK,FLiK (FLIK),N/A,N/A,600000000
CompuCoin,CompuCoin (CPN),Scrypt,PoW,35000000
International Diamond Coin,International Diamond Coin (XID*),N/A,PoW,67000010 
Verge,Verge (XVG),Multiple,PoW,16555000000
MediBloc,MediBloc (MED*),N/A,N/A,7966384100
bitCNY,bitCNY (BITCNY),N/A,N/A,100000000000
NeverDie,NeverDie (NDC),N/A,N/A,400000000
Ratecoin,Ratecoin (XRA),X11,PoW/PoS,75000000
BitDegree,BitDegree (BDG),N/A,N/A,660000000
Compcoin,Compcoin (CMP),N/A,N/A,10000000
Crazy Coin,Crazy Coin (CZC),N/A,N/A,85000000
Tierion,Tierion (TNT),N/A,N/A,1000000000
MediShares,MediShares (MDS),N/A,N/A,2000000000
DigiCoin,DigiCoin (DGC),Scrypt,PoW,48166000
Catcoin,Catcoin (CAT1),Scrypt,PoW,21000000 
Asia Coin,Asia Coin (AC),Scrypt,PoS,N/A
Castle,Castle (CSTL),X11,PoW/PoS, 200000000
Blockchain Index,Blockchain Index (BLX),N/A,N/A,372601.2965
IslaCoin,IslaCoin (ISL),X11,PoW/PoS,0
PrimeCoin,PrimeCoin (XPM),Multiple,PoW,N/A
Nimiq Exchange Token,Nimiq Exchange Token (NET*),N/A,N/A,10500000
Ellaism,Ellaism (ELLA),Ethash,PoW,280000000
MultiWallet Coin,MultiWallet Coin (MWC),X11,PoW/PoS,0
Minereum,Minereum (MNE),N/A,N/A,136576000
Victoriouscoin,Victoriouscoin (VTY),Scrypt,PoW/PoS,N/A
EnterCoin (ENTER),EnterCoin (ENTER) (ENTER),Scrypt,PoW/PoS,N/A
Aureus,Aureus (AURS),Scrypt,N/A,21000000
Magos,Magos (MAG*),N/A,N/A,50123377
UFO Coin,UFO Coin (UFO),NeoScrypt,PoW,4000000000
ParkByte,ParkByte (PKB),SHA256,PoW/PoS,25000000
Bonpay,Bonpay (BON),N/A,N/A,21745688.353416168378405037
EZCoin,EZCoin (EZC),Scrypt,PoW,84000000
SixEleven,SixEleven (611),SHA256,PoW,611000
PayFair,PayFair (PFR),N/A,N/A,33000000
Straks,Straks (STAK),Lyra2REv2,PoW,150000000
KrugerCoin,KrugerCoin (KGC),Scrypt,PoW,265420800
ErrorCoin,ErrorCoin (ERR),Scrypt,PoW,81000000
BitCurrency,BitCurrency (BTCR),Scrypt,PoS,N/A
Extreme Sportsbook,Extreme Sportsbook (XSB),X11,PoS,3000000
Zoin,Zoin (ZOI),Lyra2RE,PoW,21000000
ZayedCoin,ZayedCoin (ZYD),SHA256,PoW,9736000
Singular,Singular (SIGU),Scrypt,PoW/PoS,0
CraveCoin,CraveCoin (CRAVE),Scrypt,PoW/PoS,N/A
LitecoinDark,LitecoinDark (LTCD),Scrypt,PoW,82003200
RiptoBuX,RiptoBuX (RBX),N/A,N/A,N/A
Decentraland,Decentraland (MANA),N/A,N/A,2805886393.1583
SpaceCash,SpaceCash (SCASH),X13,PoW/PoS,N/A
Macroverse,Macroverse (MRV),N/A,N/A,668908
CryptCoin,CryptCoin (CRYPT),X11,PoW,18000000
EthereumFog,EthereumFog (ETF),Ethash,PoW,N/A
Crowdwiz,Crowdwiz (WIZ),N/A,PoS,40000000
BitMoon,BitMoon (BM),X13,PoS,100000000
ParanoiaCoin,ParanoiaCoin (PARA),Scrypt,PoW,72000000
Internet of People,Internet of People (IOP),SHA256,PoW/PoS,21000000
Sphre AIR,Sphre AIR (XID),N/A,N/A,30820620.1838
PandaCoin,PandaCoin (PND),Scrypt,PoS,32514916898
SecureCoin,SecureCoin (SRC),Scrypt,PoW,21000000
LuckyBlocks (LUCKY),LuckyBlocks (LUCKY) (LUCKY),PoS,PoS,20000000
ReeCoin,ReeCoin (REE),Scrypt,PoW/PoS,350000000
TotCoin,TotCoin (TOT),Scrypt,PoW/PoS,1613150000
BullshitCoin,BullshitCoin (BULLS),Scrypt,PoW/PoS,N/A
TDFB,TDFB (TDFB),SHA256D,PoW/PoS,N/A
Swiscoin,Swiscoin (SCN),Scrypt,PoW/PoW,3100000000
Po.et,Po.et (POE),N/A,N/A,3141592653
CrankCoin,CrankCoin (CRNK),X11,PoS/PoW,N/A
TrustPlus,TrustPlus (TRUST),X11,PoW/PoS,N/A
FundYourselfNow,FundYourselfNow (FYN),N/A,N/A,12500000
Specie,Specie (SPX*),PoS,PoS,9000000
Civic,Civic (CVC),N/A,N/A,1000000000
LociCoin,LociCoin (LOCI),N/A,N/A,100000000
GridCoin,GridCoin (GRC),Scrypt,DPoR,N/A
Ghost Coin,Ghost Coin (SPKTR),SHA256,PoW/PoS,2270000
Bitshares,Bitshares (BTS),SHA-512,PoS,2511953117
NetBit,NetBit (NBIT),Scrypt,PoW/PoS,10.500.000
IXcoin,IXcoin (IXC),SHA256,PoW,21000000
Sharpe Capital,Sharpe Capital (SHP),N/A,N/A,333333333
Internxt,Internxt (INXT),N/A,N/A,1119295
Recovery Right Tokens,Recovery Right Tokens (RRT),N/A,N/A,N/A
Voise,Voise (VOISE),N/A,N/A,825578000
Steem Backed Dollars,Steem Backed Dollars (SBD),N/A,N/A,N/A
Infinity Economics,Infinity Economics (XIN),SHA256,PoS,9000000
Luckbox,Luckbox (LUCK),N/A,N/A,N/A
STEX,STEX (STEX),N/A,N/A,N/A
Utrust,Utrust (UTK),N/A,N/A,500000000
Sprouts,Sprouts (SPRTS),SHA256,PoW/PoS,0
Data Trading,Data Trading (DTT*),N/A,N/A,N/A
TheChiefCoin,TheChiefCoin (CHIEF),Scrypt,PoW/PoS,2500000000
LePenCoin,LePenCoin (LEPEN),SHA256,PoS,1000000000
Litra,Litra (LTA),N/A,N/A,99999999
Cosmic,Cosmic (CSMIC),SHA256D,PoW/PoS,N/A
Ties Network,Ties Network (TIE),N/A,N/A,200000000
GPU Coin,GPU Coin (GPU),Scrypt,PoS,221052632
Cryptsy Mining Contract,Cryptsy Mining Contract (MN),SHA256,PoW,0
Ethereum Classic,Ethereum Classic (ETC),Ethash,PoW,N/A
DubaiCoin,DubaiCoin (DBIX),Dagger-Hashimoto,PoW,N/A
ExaByte (EXB),ExaByte (EXB) (EXB),SHA256,PoW,500000000
Pabyosi Coin,Pabyosi Coin (PCS),X11,PoW/PoS,31500000000
Databits,Databits (DTB),N/A,N/A,22747809
Shilling,Shilling (SH),Scrypt,PoW,30000000
CrackCoin,CrackCoin (CRACK),X11,PoW,6000000
EuropeCoin,EuropeCoin (ERC),X11,PoW/PoS,384000000
E-CurrencyCoin,E-CurrencyCoin (ECC*),Scrypt,PoW/PoS,25000000000
ExtraCredit,ExtraCredit (XTRA),N/A,N/A,600000000
Elementrem,Elementrem (ELE),Ethash,PoW,N/A
EB3coin,EB3coin (EB3),Scrypt,PoW,4000000000
BestChain,BestChain (BEST),Scrypt,PoW/PoS ,N/A
ToTheMoon,ToTheMoon (TMT),N/A,N/A,51750000
Opus,Opus (OPT),N/A,N/A,1600000000
Psilocybin,Psilocybin (PSY),SHA256D,PoW/PoS,4214600
Anarchists Prime,Anarchists Prime (ACP),SHA256,PoW,53760000
Wavesnode.net,Wavesnode.net (WNET),N/A,N/A,10000000
Propy,Propy (PRO),N/A,N/A,100000000
Bitcoin,Bitcoin (BTC),SHA256,PoW,21000000
UroCoin,UroCoin (URO),X11,PoW,0
Project Zephyr,Project Zephyr (ZEPH),N/A,N/A,2000000000
district0x,district0x (DNT),N/A,N/A,1000000000
Mineum,Mineum (MNM),X13,PoW/PoS,10000000
CraftCoin,CraftCoin (CRC*),Scrypt,PoW,100000000
Algo.Land,Algo.Land (PLM),N/A,PoS,N/A
Well,Well (WELL),N/A,N/A,1500000000
WarpCoin,WarpCoin (WARP),PoS,PoS,N/A
Particl,Particl (PART),PoS,PoS,8634140
Verium,Verium (VRM),N/A,PoWT,N/A
BitCAD,BitCAD (BCD*),N/A,N/A,100000000
HazeCoin,HazeCoin (HAZE),Scrypt,PoW,25000000
Neurotoken,Neurotoken (NTK),N/A,N/A,100000000
Privatix,Privatix (PRIX),N/A,N/A,1275455.31177803
Riecoin,Riecoin (RIC),Groestl,PoW,84000000
DebitCoin,DebitCoin (DBTC),Scrypt,PoW,25999629.2378176
C-Bits,C-Bits (XCT),SHA256,PoW,210000000
Cryptonex,Cryptonex (CNX),N/A,N/A,210000000
SocialXbotCoin,SocialXbotCoin (XBOT),Scrypt,PoW/PoS,2000000
DarkEther,DarkEther (DETH),X11,N/A,16035000
DMarket,DMarket (DMT),N/A,N/A,N/A
GoByte,GoByte (GBX),NeoScrypt,PoW,31800000
I0coin,I0coin (I0C),SHA256,PoW,21000000
AICoin,AICoin (XAI*),N/A,N/A,N/A
Genaro Network,Genaro Network (GNX),N/A,N/A,675000000
BitcoinPlus,BitcoinPlus (XBC),Scrypt,PoW/PoS,N/A
VootCoin,VootCoin (VOOT),X11,PoW,0
Loopring,Loopring (LRC),N/A,N/A,1395076055
NoLimitCoin,NoLimitCoin (NLC2),PoS,PoS,N/A
Eternity,Eternity (ENT),X11,PoW/PoS,60000000
SuperCoin,SuperCoin (SUPER),X11,PoW/PoS,150000000
FlutterCoin,FlutterCoin (FLT),Scrypt,PoS/PoW/PoT,0
Bitcoin Revolution,Bitcoin Revolution (RBTC),N/A,N/A,21000000
GIZMOcoin,GIZMOcoin (GIZ),X11,PoW/PoS,100000
eMark,eMark (DEM),SHA256,PoW/PoS,210000000
BitcoinX,BitcoinX (BCX*),DPoS,DPoS,210000000000
ZCashDarkCoin,ZCashDarkCoin (ZECD),Scrypt,PoW,500000000
GunCoin,GunCoin (GUN),NeoScrypt,PoW,500000000
BighanCoin,BighanCoin (BHC),Quark,PoW,411000000
Boolberry,Boolberry (BBR),X11,PoW,18450000
Digigems,Digigems (DGMS),Scrypt,PoW,50000000
TakCoin,TakCoin (TAK),SHA256,PoW/PoS,7515187520
Skincoin,Skincoin (SKIN),N/A,N/A,488183483.290948
Coin to the Future,Coin to the Future (BTTF),PoS,PoS,1210000
OpenANX,OpenANX (OAX),N/A,N/A,100000000
Nautilus Coin,Nautilus Coin (NAUT),Scrypt,PoS,16180000
Stox,Stox (STX),N/A,N/A,58850550.4633
BTC Lite,BTC Lite (BTCL),N/A,N/A,21000000
0x,0x (ZRX),N/A,N/A,1000000000
TeCoin,TeCoin (TEC),Multiple,PoW,469521976
CrabCoin,CrabCoin (CRAB),X15,PoW/PoS,N/A
Aerium,Aerium (AERM),SkunkHash,PoW/PoS,500000000
MaxCoin,MaxCoin (MAX),SHA3,PoW/PoS,100000000
GoldBlocks,GoldBlocks (GB),X11,PoW/PoS,50000000
Mass Coin,Mass Coin (MC),N/A,N/A,1000000000000
Lucky7Coin,Lucky7Coin (LK7),Scrypt,PoW/PoS,99792000
AltCommunity Coin,AltCommunity Coin (ALTCOM),SkunkHash,PoW/PoS,163358.72760916
Premium,Premium (PRE),Scrypt,PoW,20000000
BitstarCoin,BitstarCoin (BITS),Scrypt,PoW/PoS,54256119
Populous,Populous (PPT),N/A,N/A,53252246
XenCoin,XenCoin (XNC),Scrypt,PoW,2100000000
CryptoPing,CryptoPing (PING),N/A,N/A,10000000
MasterCoin,MasterCoin (MSC),Scrypt,PoW,619478
Crystal Clear Token ,Crystal Clear Token  (CCT),N/A,N/A,10000000
Exclusive Coin,Exclusive Coin (EXCL),PoS,PoS,4000000
CryptoInsight,CryptoInsight (TKR),N/A,N/A,12529747
DragonSphere,DragonSphere (XDB),X11,PoW/PoS,21007600
BritCoin,BritCoin (BRIT),X13,PoW/PoS,30000000
Fuloos Coin,Fuloos Coin (FLS),N/A,PoW/PoS,100000000
CinderCoin,CinderCoin (CIN),Multiple,PoW/PoS,114000000
Cryptographic Anomaly,Cryptographic Anomaly (CGA),Scrypt,PoW,10000000000
BOScoin,BOScoin (BOS),N/A,mFBA,500000000
Commodity Ad Network,Commodity Ad Network (CDX),N/A,N/A,120000000
True Flip Lottery,True Flip Lottery (TFL),N/A,N/A,8924667.5762055
Indorse,Indorse (IND),N/A,N/A,170622047
MediterraneanCoin,MediterraneanCoin (MED),HybridScryptHash256,PoW,200000000
JaneCoin,JaneCoin (JANE),X11,PoW/PoS,2100000000
SqPay,SqPay (SQP),N/A,N/A,1000000
PARKGENE,PARKGENE (GENE),N/A,N/A,1000000000
PrismChain,PrismChain (PRM),SHA256,PoW/PoS,N/A
ERBCoin,ERBCoin (ERB),Scrypt,N/A,125000000
BnrtxCoin,BnrtxCoin (BNX),X11,PoW,210000000
VirtacoinPlus,VirtacoinPlus (XVP),X11,PoW/PoS,100000000
ChessCoin,ChessCoin (CHESS),Scrypt,PoW/PoS,74666667
Linda,Linda (LINDA),Scrypt,PoW/PoS,50000000000
EtherBTC,EtherBTC (ETHB),N/A,N/A,21000000
Javvy,Javvy (JVY),N/A,N/A,1000000000000040000.3135
OlympCoin,OlympCoin (OLYMP),X11,PoW/PoS,50000000
HeelCoin,HeelCoin (HEEL),PoS,PoS,N/A
BLOCKv,BLOCKv (VEE),N/A,N/A,6428571429
AI Doctor,AI Doctor (AIDOC),N/A,N/A,777775241
Crypto Tickets,Crypto Tickets (TKT),N/A,N/A,52006540
TrashBurn,TrashBurn (TBCX),SHA256D,PoS,9000000
MartexCoin,MartexCoin (MXT),X13, PoW/PoS,5000000
PolyBit,PolyBit (POLY),Scrypt,PoW,150000000
Versa Token,Versa Token (VERSA),N/A,PoS,0
Bancor Network Token,Bancor Network Token (BNT),N/A,N/A,79323978
Aurora Coin,Aurora Coin (AUR),Scrypt,PoW/PoS,21000000
Decred,Decred (DCR),BLAKE256,PoW/PoS,21000000
Lamden Tau,Lamden Tau (TAU),DPoS,DPoS,500000000
Bread token,Bread token (BRD),N/A,N/A,88862718
Lampix,Lampix (PIX),N/A,N/A,327154880
Bitdeal,Bitdeal (BDL),Scrypt,PoW,300000000
BaseballCardCoin,BaseballCardCoin (BBCC),Scrypt,PoW/PoS,19000000
CLAMS,CLAMS (CLAM),N/A,PoW,N/A
EZMarket,EZMarket (EZM),N/A,N/A,150000000
ScryptCoin,ScryptCoin (SCRPT),Scrypt,PoW,34181818
EthereumLite,EthereumLite (ELITE),N/A,N/A,1000000
SwarmCoin,SwarmCoin (SWARM),N/A,N/A,100000000
STRESScoin,STRESScoin (STS),X13,PoW/PoS,N/A
Metal,Metal (MTL),N/A,PoPP,66588888
Status Network Token,Status Network Token (SNT),N/A,N/A,6804870175
ModulTrade,ModulTrade (MTRC),N/A,N/A,100000000
PenCoin,PenCoin (PEN),Scrypt,PoW,N/A
EGOcoin,EGOcoin (EGO),PoS,PoS,60000000
Crypto,Crypto (CTO),Lyra2RE,PoW,65789100
MollyCoin,MollyCoin (TAB),Scrypt,PoW/PoS,25000000
Octocoin,Octocoin (888),N/A,PoW,135776563
Electra,Electra (ECA),NIST5,PoW/PoS,30000000000
FlypMe,FlypMe (FYP),N/A,N/A,35277363
Benjamins,Benjamins (BEN),SHA256,PoW,12800000
SunShotCoin,SunShotCoin (SSTC),X11,PoW,2250000000
Lathaan,Lathaan (LTH),PoS,N/A,N/A
RocketCoin ,RocketCoin  (ROCK*),N/A,N/A,25000000
42 Coin,42 Coin (42),Scrypt,PoW/PoS,42
XanaxCoin,XanaxCoin (XNX),Scrypt,PoW,42000000
FaucetCoin,FaucetCoin (DROP),X13,PoS,10000
ArtByte,ArtByte (ABY),Scrypt,PoW,1000000000
Playkey,Playkey (PKT),N/A,N/A,100000000
Dream8Coin,Dream8Coin (DRM8),Scrypt,PoW,88800000000
DCORP,DCORP (DRP),N/A,N/A,8094002.47
TigerCoin,TigerCoin (TGC),SHA256,PoW,47011968
Tap Project,Tap Project (TTT),N/A,N/A,N/A
ThankYou,ThankYou (THNX),N/A,N/A,70000000
Sp8de,Sp8de (SPX),N/A,N/A,8888888888
DigitalPrice,DigitalPrice (DP),X11,PoW,24629450
DigitalCash,DigitalCash (DASH),X11,PoW/PoS,22000000
Enjin Coin,Enjin Coin (ENJ),N/A,N/A,1000000000
BTCMoon,BTCMoon (BTCM),N/A,N/A,21000000
ATC Coin,ATC Coin (ATCC),Scrypt,PoW,84000000
Wild Beast Coin,Wild Beast Coin (WBB),Scrypt,PoW,2628000
Anti Bitcoin,Anti Bitcoin (ANTI),SHA256,PoW,42000000
SportyFi,SportyFi (SPF),N/A,N/A,70673453.985904140157019738
Hshare,Hshare (HSR),N/A,PoW/PoS,84000000
BlockPay,BlockPay (BLOCKPAY),N/A,N/A,100000000
Adzcoin,Adzcoin (ADZ),X11,PoW,84000000
MorpheusCoin,MorpheusCoin (MRP),X11,PoW,3400000
Gas,Gas (GAS),N/A,N/A,9677664
DeepBrain Chain,DeepBrain Chain (DBC),N/A,N/A,10000000000
Worldwide Asset eXchange,Worldwide Asset eXchange (WAX),N/A,N/A,185000000
YbCoin,YbCoin (YBC),Multiple,N/A,200000000
JustDatingSite,JustDatingSite (JDC),N/A,N/A,N/A
CoinJob,CoinJob (XCJ),N/A,N/A,200000000
BitcoinZ,BitcoinZ (BTCZ),Equihash,PoW,21000000000
Super Bitcoin,Super Bitcoin (SBTC),SHA256,PoW,21210000
Rubies,Rubies (RBIES),N/A,PoS,10000000
Denarius,Denarius (DNR),NIST5,PoW/PoS,10000000
GlobalCoin,GlobalCoin (GLC),Scrypt,PoW,70000000
Qwark,Qwark (QWARK),N/A,N/A,250377576
Chip,Chip (CHIP),X11,PoW,0
Kubera Coin,Kubera Coin (KBR),N/A,N/A,1162102077
NamoCoin,NamoCoin (NAMO),NIST5,PoW/PoS,1200000000
Numus,Numus (NMS),Skein,PoW/PoS,N/A
365Coin,365Coin (365),X11,PoW/PoS,2300000000
PesetaCoin,PesetaCoin (PTC),Scrypt,PoW,166386000
LGBTQoin,LGBTQoin (LGBTQ),X11,PoW,50000000
World Trade Funds,World Trade Funds (XWT),X15,PoW/PoS,1000000
MasterCar,MasterCar (MCAR),Scrypt,PoW/PoS,2991837
RadicalCoin,RadicalCoin (RADI),X13,PoS,N/A
Token as a Service,Token as a Service (TAAS),N/A,N/A,8146001
AmericanCoin,AmericanCoin (AMC),Scrypt,PoW,168000000
HeavyCoin,HeavyCoin (HVC),Multiple,PoW,128000000
CircuitCoin,CircuitCoin (CIR),SHA256D,PoW/PoS,3125000000
NEM,NEM (XEM),N/A,PoI,8999999999
SophiaTX,SophiaTX (SPHTX),DPoS,DPoS,500000000
LUXCoin,LUXCoin (LUX),PHI1612,PoW/PoS,60000000
Core Group Asset,Core Group Asset (CORE),N/A,N/A,1000000
Dotcoin,Dotcoin (DOT),Scrypt,PoW,890000000
Elysium,Elysium (ELS),Scrypt,PoW,18000000
EmporiumCoin,EmporiumCoin (EMPC),X11,PoW/PoS,N/A
CryptoWave,CryptoWave (CWV),N/A,N/A,1000000
Waves Community Token,Waves Community Token (WCT),N/A,N/A,10000000
Equilibrium Coin,Equilibrium Coin (EQM),SHA256,PoW/PoS,0
Ebitz,Ebitz (EBZ),PoS,PoS,21000000
EkoCoin,EkoCoin (EKO),Scrypt,PoW,533333333
Destiny,Destiny (DES),Scrypt,PoW/PoS,212625
NyanCoin,NyanCoin (NYAN),Scrypt,PoW,337000
Positron,Positron (TRON),SHA256,PoW/PoS,1000000
BipCoin,BipCoin (BIP),CryptoNight,PoW,18446744
VIP Tokens,VIP Tokens (VIP),NIST5,PoW/PoS,90000000
ShadowCash,ShadowCash (SDC),Scrypt,PoW/PoS,N/A
Galactrum,Galactrum (ORE),Lyra2REv2,PoW/PoS,26280000
vSlice,vSlice (VSL),N/A,N/A,33390496.0333
XiaoMiCoin,XiaoMiCoin (MI),Scrypt,PoW/PoS,400000000
HealthyWorm,HealthyWorm (WORM),PoS,PoS,N/A
Agrello Delta,Agrello Delta (DLT),N/A,N/A,130271020
WiserCoin,WiserCoin (WSC),Scrypt,PoW,22105263
Cash &amp; Back Coin,Cash &amp; Back Coin (CNBC),Scrypt,PoW/PoS,210000000
Aion,Aion (AION),N/A,N/A,465934586.66
BitluckCoin,BitluckCoin (BTCL*),Scrypt,PoS,5000000000
ConSpiracy Coin ,ConSpiracy Coin  (CYC),X11,PoW,33000000
CanYaCoin,CanYaCoin (CAN),N/A,N/A,100000000
Galaxy eSolutions,Galaxy eSolutions (GES),N/A,N/A,300000000
UnikoinGold,UnikoinGold (UKG),N/A,N/A,1000000000
JumBucks Coin,JumBucks Coin (JBS),X11,PoW/PoS,3293010
SingularDTV,SingularDTV (SNGLS),N/A,N/A,1000000000 
SweetStake,SweetStake (SWEET),PoS,N/A,1000000000
UpToken,UpToken (UP),N/A,N/A,10000000000
EneCoin,EneCoin (ENE),X13,PoW/PoS,N/A
FirstCoin,FirstCoin (FIRST),Scrypt,PoW/PoS,110000000
Energi Token,Energi Token (ETK),N/A,N/A,2307692310
BANKEX,BANKEX (BKX),N/A,N/A,400000000
EarthCoin,EarthCoin (EAC),Scrypt,PoW,13500000000
007 coin,007 coin (007),Scrypt,PoW,989800
Viuly,Viuly (VIU),N/A,N/A,1000000000
EbolaShare,EbolaShare (EBS),N/A,PoS,2100000
Revain,Revain (R),N/A,N/A,1000000000
Melon,Melon (MLN),N/A,N/A,749400
BrainCoin,BrainCoin (BRAIN),X11,PoW/PoS,22000000
Kucoin,Kucoin (KCS),N/A,N/A,181043076 
BitLuckCoin,BitLuckCoin (BTLC),PoS,PoS,5000000000
Desire,Desire (DSR),NeoScrypt,PoW,22000000
SilkCoin,SilkCoin (SILK),Scrypt,PoW/PoS,1000000
Everex,Everex (EVX),N/A,N/A,25000000
HexxCoin,HexxCoin (HXX),Lyra2RE,PoW,9999999
PosEx,PosEx (PEX),SHA256D,N/A,N/A
KRCoin,KRCoin (KRC),X11,PoW,N/A
Khancoin,Khancoin (KNC*),X11,PoW/PoS,7850291561
Supreme,Supreme (SPM),Scrypt,PoW/PoS,88900000
EquiTrader,EquiTrader (EQT),Scrypt,PoW,72000000
LBRY Credits,LBRY Credits (LBC),N/A,N/A,1000000000
EmberCoin,EmberCoin (EMB),X13,PoW/PoS,850000000
BeachCoin,BeachCoin (SAND),X11,PoW,21000000
CampusCoin,CampusCoin (CMPCO),Scrypt,PoW,1010000000
Community Coin,Community Coin (COC),SHA256,PoW,36129032
Noocoin,Noocoin (NOO),PoS,PoS,25000000
LiviaCoin,LiviaCoin (LIV),Scrypt,PoW/PoS,1572000000
NovaCoin,NovaCoin (NVC),Scrypt,PoW/PoS,N/A
Signatum,Signatum (SIGT),SkunkHash v2 Raptor,PoS,137500000
NeptuneClassic,NeptuneClassic (NTCC),X11,PoW/PoS,250000000
Theresa May Coin,Theresa May Coin (MAY),SHA256,PoW/PoS,100000000
AdCoin,AdCoin (ACC),Scrypt,PoW,100000000
Darknet,Darknet (DNET),Quark,Pow/PoS,37175346
Peerguess,Peerguess (GUESS),N/A,N/A,200000000
JoinCoin,JoinCoin (J),Multiple,PoW,2800000
Rupaya,Rupaya (RUPX),Scrypt,PoW/PoS,8400000
Ar.cash,Ar.cash (AR*),SHA256,PoW,N/A
LiteBitcoin,LiteBitcoin (LBTC),Scrypt,PoW,1000000000
Impeach,Impeach (IMPCH),Scrypt,PoW/PoS,21933333
SoulCoin,SoulCoin (SOUL),Scrypt,PoW/PoS,1400000000
Trippki,Trippki (TRIP),N/A,N/A,200000000
Astral,Astral (AST*),X13,PoW/PoS,37875500
Pluton,Pluton (PLU),N/A,N/A,20000000
AB-Chain,AB-Chain (ABC),N/A,N/A,210000000
Milllionaire Coin,Milllionaire Coin (MIL),X11,PoW/PoS,0
Insta Cash Coin,Insta Cash Coin (ICC),SHA256,PoW,300000000
Halloween Coin,Halloween Coin (HALLO),X11,PoW/PoS,1500000000
TekCoin,TekCoin (TEK),SHA256,PoW/PoS,100000000
TagCoin,TagCoin (TAG),Scrypt,PoW/PoS,1000000
Marvelous,Marvelous (MARV),Scrypt,PoW,400000000
KingN Coin,KingN Coin (KNC**),Scrypt,PoW/PoS,420000
Aptcoin,Aptcoin (APT),Scrypt-n,PoW,42000000
GAIA Platform,GAIA Platform (GAIA),X11,PoS,24000000
NumbersCoin,NumbersCoin (NUM),Scrypt,PoW/PoS,N/A
Decent,Decent (DCT),N/A,PoS,73197775
Gold Reward Token,Gold Reward Token (GRX),N/A,N/A,20000000
PumaPay,PumaPay (PMA),N/A,N/A,N/A
ZeitCoin,ZeitCoin (ZEIT),PoS,PoS, 99000000000
Hedge Token,Hedge Token (HDG),N/A,N/A,5774676.11
ATFS Project,ATFS Project (ATFS),N/A,N/A,380000000
InPay,InPay (INPAY),N/A,N/A,10000000
Etheroll,Etheroll (DICE),N/A,N/A,7001623
Quantum,Quantum (QAU),N/A,N/A,246855127
Confido,Confido (CFD),N/A,N/A,15000000
GoodCoin,GoodCoin (GOOD),Scrypt,PoW/PoS,100000000
Storm,Storm (STORM),N/A,N/A,10000000000 
Patientory,Patientory (PTOY),N/A,N/A,100002000
YobitVirtualCoin,YobitVirtualCoin (YOVI),SHA256,PoS,22830000
SeedShares,SeedShares (SEEDS),SHA256D,PoW/PoS,7996400
MonetaVerde,MonetaVerde (MCN),CryptoNight,PoW,N/A
OpalCoin,OpalCoin (OPAL),X13,PoW/PoS,15000000
SaffronCoin,SaffronCoin (SFR),Multiple,PoW,111000000
Kronecoin,Kronecoin (KRONE),Scrypt,PoW,84000000
PhilsCurrency,PhilsCurrency (PHILS),Scrypt,PoW,120000000
Mbitbooks,Mbitbooks (MBIT),Scrypt,PoW,81000000
Growers International,Growers International (GRWI),DPoS,N/A,1000420
TrustCoin,TrustCoin (TRST),N/A,N/A,100000000
ZCC Coin,ZCC Coin (ZCC),Scrypt,PoW,1000000000
PhantomX,PhantomX (PNX),X11,PoW/PoS,50000000
Zap,Zap (ZAP),N/A,N/A,520000000
MaryJane Coin,MaryJane Coin (MARYJ),X15,PoW/PoS,0
Ascension Coin,Ascension Coin (ASN),QuBit,PoW/PoS,0
NeuCoin,NeuCoin (NEU*),N/A,PoS,100000000000
Bitstake,Bitstake (XBS),X11,PoW/PoS,1300000
Jetcoin,Jetcoin (JET),N/A,N/A,80000000
ILCoin Token,ILCoin Token (ILCT),SHA256,PoW,N/A
WaBi,WaBi (WABI),N/A,N/A,100000000
PXcoin,PXcoin (PX),SHA256,PoW/PoS,N/A
Mercury,Mercury (MER),N/A,N/A,100000000
Nxt,Nxt (NXT),PoS,PoS/LPoS,1000000000
BitBean,BitBean (BITB),SHA256,PoW/PoS,50000000000
Scorecoin,Scorecoin (SCORE),Scrypt,PoW,N/A
Social Send,Social Send (SEND),Quark,PoW/PoS,150000000
VIBEHub,VIBEHub (VIBE),N/A,N/A,267000000
Avatar Coin,Avatar Coin (AV),PoS,PoS,10000000
Karbowanec,Karbowanec (KRB),CryptoNight,PoW,10000000
PeaceCoin,PeaceCoin (PEC),X11,PoW,700000000
RubyCoin,RubyCoin (RBY),Scrypt,PoS,0
Aiden,Aiden (ADN),ScryptOG,PoW,84000000
Lykke,Lykke (LKK),N/A,N/A,1285690000
RoyalCoin 2.0,RoyalCoin 2.0 (RYCN),X13,PoS,2500000
Monero,Monero (XMR),CryptoNight,PoW,0
Spots,Spots (SPT),Scrypt,PoW,100000000
The Abyss,The Abyss (ABYSS),N/A,N/A,1964671117084325
LimeCoinX,LimeCoinX (LIMX),X11,PoW,21000000 
PrimeChain,PrimeChain (PRIME),N/A,PoS,N/A
Solaris,Solaris (XLR),XEVAN,PoW/PoS,N/A
CryptoBullion,CryptoBullion (CBX),Scrypt,PoW/PoS,1000000
eBoost,eBoost (EBST),Scrypt,PoW,100000000
MacronCoin,MacronCoin (MCRN),PoS,PoS,N/A
Bulwark,Bulwark (BWK),NIST5,PoW/PoS,27716121
Multibot,Multibot (MBT),N/A,N/A,25000000
IndiCoin,IndiCoin (INDI),N/A,PoW,550000000
LightSpeedCoin,LightSpeedCoin (LSD),NIST5,PoW/PoS,900000
UPcoin,UPcoin (XUP),X13,PoS,N/A
PoSToken,PoSToken (POS),N/A,PoS,10000000
Electroneum,Electroneum (ETN),N/A,PoW,21000000000 
Go!,Go! (xGOx),Scrypt,PoW/PoS,1000000000
ZClassic,ZClassic (ZCL),Equihash,PoW,21000000
Mojocoin,Mojocoin (MOJO),PoS,PoS,N/A
Paycentos,Paycentos (PYN),N/A,N/A,450000000
IvugeoEvolutionCoin,IvugeoEvolutionCoin (IEC),Scrypt,PoW,100000000
DarkTron,DarkTron (DRKT),SHA256,PoW/PoS,1500000
CryptoBuk,CryptoBuk (BUK),Scrypt,PoW/PoS,100000000
Unattanium,Unattanium (UNAT),SHA256,PoW,0
BrightCoin,BrightCoin (BRC),N/A,N/A,70000000
Opes,Opes (OPES),Argon2,PoW,52000000
GiveCoin,GiveCoin (GIVE),X11,PoW,500000000
HoboNickels,HoboNickels (HBN),Scrypt,PoW/PoS,120000000
Stakerush,Stakerush (STHR),PoS,PoS,N/A
AvonCoin,AvonCoin (ACN),PoS,PoS,1000000000
NanoToken,NanoToken (NAN),Scrypt,PoW,80000000
KubosCoin,KubosCoin (KUBO),Scrypt,PoW/PoS,2940000
SuperNET,SuperNET (UNITY),N/A,N/A,816060.9999
BattleStake,BattleStake (BSTK),PoS,PoS,N/A
Power Ledger,Power Ledger (POWR),N/A,N/A,1000000000
Cash Poker Pro,Cash Poker Pro (CASH*),N/A,N/A,N/A
IwToken,IwToken (IWT),N/A,N/A,N/A
TechCoin,TechCoin (TECH),X13,PoW/PoS,300000
XenixCoin,XenixCoin (XEN),X11,PoW/PoS,3853326.77707314
Guaranteed Entrance Token,Guaranteed Entrance Token (GET),N/A,N/A,33368773
Blackmoon Crypto,Blackmoon Crypto (BMC),N/A,N/A,60000000
BlakeCoin,BlakeCoin (BLC),Blake,PoW,7000000000
LendConnect,LendConnect (LCT),N/A,N/A,6500000
DAS,DAS (DAS),X11,PoW,18900000
S88 Coin,S88 Coin (S8C),Scrypt,PoW/PoS,520000000
PupaCoin,PupaCoin (PUPA),Blake2S,PoW/PoS,3500000000
Iconomi,Iconomi (ICN),N/A,N/A,100000000
Franko,Franko (FRK),Scrypt,PoW,11235813
AMIS,AMIS (AMIS),N/A,N/A,20000000
ICON Project,ICON Project (ICX),N/A,LFT,400230000
EtherDoge,EtherDoge (DOGETH),X11,PoW/PoS,18100000
Armory Coin,Armory Coin (ARM),Scrypt,PoW/PoS,1990000000
Fusion,Fusion (FSN),SHA256,PoW,3000000
OmniCron,OmniCron (OMC),Scrypt,PoW,3371337
SolarFarm,SolarFarm (CELL),N/A,PoW,1000000000
Humaniq,Humaniq (HMQ),N/A,N/A,N/A
Midnight ,Midnight  (MDT),SHA256,PoW/PoS,N/A
Draftcoin,Draftcoin (DFT),Scrypt,PoS,17405891.19707116
BosonCoin,BosonCoin (BOSON),X11,PoW/PoS,5000000000
Biocoin,Biocoin (BIO),N/A,N/A,10000000000
Cappasity,Cappasity (CAPP),N/A,N/A,10000000000
Atmos,Atmos (ATMS),PoS,PoS,110290030
FairCoin,FairCoin (FAIR),Groestl,PoW/PoS,0
PabyosiCoin,PabyosiCoin (PBC),X11,PoW/PoS,31500000000
WorldPay,WorldPay (WOP),X11,PoW/PoS,10000000
Coinmatic,Coinmatic (CTIC),N/A,N/A,N/A
HempCoin,HempCoin (HMP),Scrypt-n,PoW,5000000000
Aeron,Aeron (ARN),N/A,N/A,100000000
Doubloon,Doubloon (BOAT),HMQ1725,PoW/PoS,500000000
FireLotto,FireLotto (FLOT),N/A,N/A,100000000
Utility Coin,Utility Coin (UTIL),X13,PoW/PoS,0
PureVidz,PureVidz (VIDZ),PoS,PoS,125000000
Stakecoin,Stakecoin (STCN),PoS,PoS,N/A
Astronaut,Astronaut (ASTRO),N/A,N/A,6999999
FCoin,FCoin (FX),Scrypt,PoW/PoS,987600000
BitBoost,BitBoost (BBT),N/A,N/A,100000000
RipOffCoin,RipOffCoin (RIPO),Scrypt,PoW,12000000
DigiEuro,DigiEuro (DEUR),Scrypt,PoW,N/A
StealthCoin,StealthCoin (XST),X13,PoW/PoS,0
Forever Coin,Forever Coin (XFC),X11,PoS,210000000
Aragon,Aragon (ANT),N/A,N/A,39609524
DayTrader Coin,DayTrader Coin (DTC),X13,PoW/PoS,1000000
CybCSec Coin,CybCSec Coin (XCS),POS 3.0,PoS,N/A
Modum,Modum (MOD),N/A,N/A,18266200
GuerillaCoin,GuerillaCoin (GUE),X11,PoW/PoS,19500000
HOdlcoin,HOdlcoin (HODL),1GB AES Pattern Search,PoW,81962100
GATCOIN,GATCOIN (GAT),N/A,N/A,1000000000
ICO OpenLedger,ICO OpenLedger (ICOO),N/A,N/A,472649
GalaxyCoin,GalaxyCoin (GLX),Scrypt,PoW/PoS,538214400
Bitcoin SegWit2X,Bitcoin SegWit2X (BT2),N/A,N/A,N/A
CreativeChain,CreativeChain (CREA),Keccak,PoW,115000000
Empyrean,Empyrean (EPY),Scrypt,PoW,100000
PoolStamp,PoolStamp (XSP),X13,PoW/PoS,N/A
Wild Crypto,Wild Crypto (WILD),N/A,N/A,100000000
WishFinance,WishFinance (WISH*),N/A,N/A,N/A
LycanCoin,LycanCoin (LYC),Scrypt,PoW,4950000000
President Trump,President Trump (PRES),N/A,N/A,57968072167
FeatherCoin,FeatherCoin (FTC),Scrypt,PoW,336000000
MediumProject,MediumProject (MPRO),PoS,PoW,250000
8 Circuit Studios,8 Circuit Studios (8BT),N/A,N/A,100000000
Propthereum,Propthereum (PTC*),N/A,N/A,N/A
GenXCoin,GenXCoin (GXC*),X15,PoW/PoS,2000000000
Experty,Experty (EXY),N/A,N/A,100000000
Ethereum Blue,Ethereum Blue (BLUE),N/A,N/A,42000000
TokugawaCoin,TokugawaCoin (TOK),Scrypt,PoW,N/A
TerraNovaCoin,TerraNovaCoin (TER),Scrypt,PoW/PoS,15733333
MiniApps,MiniApps (MAT),N/A,PoW,20000000
Dlisk,Dlisk (DLISK),N/A,DPoS,100000000
ARK,ARK (ARK),DPoS,DPoS,125000000
Dnotes,Dnotes (NOTE),Scrypt,PoW,500000000
TokenStars,TokenStars (ACE),N/A,N/A,N/A
BitSwift,BitSwift (SWIFT),Scrypt,PoW/PoS,N/A
TeslaCoilCoin,TeslaCoilCoin (TESLA),N/A,N/A,100000000
Swarm City Token,Swarm City Token (SWT),N/A,N/A,7885956
A-Token,A-Token (ATKN),N/A,N/A,30000000
UnbreakableCoin,UnbreakableCoin (UNB),SHA256,PoW,80000000
NewYorkCoin,NewYorkCoin (NYC),Scrypt,PoW,10000000000
MazaCoin,MazaCoin (MZC),SHA256,PoW/PoS,2419200000
CarpeDiemCoin,CarpeDiemCoin (DIEM),SHA256,PoW,21626280000 
Soarcoin,Soarcoin (SOAR),N/A,N/A,5000000000
ChronosCoin,ChronosCoin (CRX),Scrypt,PoW/PoS,N/A
BitZeny,BitZeny (ZNY),Scrypt,PoW,250000000
BitBar,BitBar (BTB),Scrypt,PoW/PoS,500000
Deep Gold,Deep Gold (DEEP),N/A,N/A,100000000
BankCoin,BankCoin (B@),N/A,N/A,N/A
Carboncoin,Carboncoin (CARBON),Scrypt,PoW,16000000000
LookCoin,LookCoin (LOOK),X11,PoW/PoS,1613150000
Grid+,Grid+ (GRID),N/A,N/A,300000000
Sumokoin,Sumokoin (SUMO),CryptoNight,PoW,88888888
BottleCaps,BottleCaps (CAP),Scrypt,PoW/PoS,47433600
LiteDoge,LiteDoge (LDOGE),Scrypt,PoW/PoS,35000000000
Mind Gene,Mind Gene (MG),SHA256,PoW/PoS,7500000000
ELTCOIN,ELTCOIN (ELTCOIN),N/A,N/A,100000000 
Wolk,Wolk (WLK),N/A,N/A,500000000
Adelphoi,Adelphoi (ADL),N/A,N/A,100000000
X Real Estate Development,X Real Estate Development (XRED),N/A,N/A,65000000
ArchCoin,ArchCoin (ARCH),Scrypt,PoS,16403135
Pulse,Pulse (PULSE),SHA256D,PoS,N/A
Autonio,Autonio (NIO),N/A,N/A,220466789
EthLend,EthLend (LEND),N/A,N/A,1299999942
Sphere Coin,Sphere Coin (SPHR),Scrypt,PoW/PoS,N/A
CrowdCoinage,CrowdCoinage (CCOS),N/A,N/A,478571428
JudgeCoin,JudgeCoin (JUDGE),X13,PoW/PoS,21600000
ApexCoin,ApexCoin (APEX),X13,PoW/PoS,6000000
CarTaxi,CarTaxi (CTX),N/A,N/A,487500000
GeoCoin,GeoCoin (GEO),Scrypt,N/A,1000000000
WeAreSatoshi,WeAreSatoshi (WSX),X11,PoW/PoS,N/A
Ambrosus,Ambrosus (AMB),N/A,N/A,361477438
LeviarCoin,LeviarCoin (XLC),CryptoNight,PoW,54000000
Canada eCoin,Canada eCoin (CDN),Scrypt,PoW,100000000 
Moeda,Moeda (MDA),N/A,N/A,19628888
Komodo,Komodo (KMD),Equihash,dPoW/PoW,200000000
Litebar ,Litebar  (LTB),Scrypt,PoW,1350000
CINNICOIN,CINNICOIN (CINNI),Scrypt,PoW,15000000
Steem,Steem (STEEM),N/A,PoW,99692126
DogeCoinDark,DogeCoinDark (DOGED),Scrypt,PoW,16500000000
MarijuanaCoin,MarijuanaCoin (MAR),X11,PoW/PoS,N/A
Raiden Network,Raiden Network (RDN*),N/A,N/A,100000000
BannerCoin,BannerCoin (BCOIN),N/A,N/A,100000000
WisdomCoin,WisdomCoin (WISC),Scrypt,PoW/PoS,N/A
Tracto,Tracto (TRCT),N/A,N/A,70000000
Arbit Coin,Arbit Coin (ARB),N/A,PoW/PoS,0
Anacrypt,Anacrypt (ANCP),N/A,N/A,10000
Elastic,Elastic (XEL),N/A,PoW,100000000
CryptoPay,CryptoPay (CPAY),N/A,N/A,320000000
MrsaCoin,MrsaCoin (MRSA),X13,PoW/PoS,2100000000
Ethereum,Ethereum (ETH),Ethash,PoW,0
Canada eCoin,Canada eCoin (CND*),Scrypt,PoW,100000000
COMSA,COMSA (CMS),N/A,N/A,N/A
PlatiniumCoin,PlatiniumCoin (PNC),SHA256,PoW,21000000
Veredictum,Veredictum (VNT),N/A,N/A,N/A
BitHIRE,BitHIRE (HIRE*),Scrypt,PoS,42000000
MindCoin,MindCoin (MND),X11,PoW,16000000
Autumncoin,Autumncoin (ATM),X11,PoW/PoS,N/A
GorillaBucks,GorillaBucks (BUCKS*),N/A,PoS,0
KekCoin,KekCoin (KEK),POS 2.0,PoS,21000000
Bitcoin Scrypt,Bitcoin Scrypt (BTCS),Scrypt,PoW,21000000
CoinWorksCoin,CoinWorksCoin (LAB*),Multiple,PoW,1000000
Ahoolee,Ahoolee (AHT),Ethash,PoW,100000000
Apx,Apx (APX),N/A,N/A,1000000
GlyphCoin,GlyphCoin (GLYPH),X11,PoW/PoS,7000000
NuBits,NuBits (NBT),SHA256,PoS,N/A
Valorem,Valorem (VLR),N/A,N/A,200000000
NukeCoin,NukeCoin (NUKE),PoS,PoS,2778196
FileCoin,FileCoin (FIL),N/A,N/A,N/A
EnergyCoin,EnergyCoin (ENRG),Scrypt,PoW/PoS,0
NinjaDoge,NinjaDoge (NDOGE),X11,PoW/PoS,N/A
Waltonchain,Waltonchain (WTC),N/A,N/A,70000000
Cream,Cream (CRM),X11,PoW/PoS,100000000
Sakuracoin,Sakuracoin (SKR),Scrypt,PoW,105100000
 Arcade City, Arcade City (ARC*),N/A,N/A,9525398
Crypto Escudo,Crypto Escudo (CESC),Scrypt,PoW,1000000000
GameUnits,GameUnits (UNITS),Scrypt,PoW/PoS,13000000
High Voltage Coin,High Voltage Coin (HVCO),SHA256,PoW/PoS,1700000
Sosnovkino,Sosnovkino (SNK),N/A,N/A,390000
TileCoin,TileCoin (XTC),N/A,N/A,100000000
CoEval,CoEval (COE),N/A,N/A,100000
FoodCoin,FoodCoin (FOOD),N/A,N/A,N/A
Prime-X1,Prime-X1 (PXI),X11,PoW,N/A
Graviton,Graviton (GRAV),SHA256,PoW/PoS,0
OpenZen,OpenZen (ZNT),N/A,N/A,270000000
QTUM,QTUM (QTUM),POS 3.0,PoS,100000000
NobleCoin,NobleCoin (NOBL),Scrypt,PoW,15000000000
CannabisCoin,CannabisCoin (CANN),X11,PoW,N/A
Bitair,Bitair (BTCA),N/A,N/A,1000000000
SpecCoin,SpecCoin (SPEC),Scrypt,PoW,3000000000
ACoin,ACoin (ACOIN),SHA256,PoW,1600000
Crypti,Crypti (XCR),Multiple,PoS,0
Vcash,Vcash (XVC),Whirlpool,PoS,N/A
Wood Coin,Wood Coin (LOG),N/A,PoW, 27625814
Envion,Envion (EVN),N/A,N/A,150000000
Cryptum,Cryptum (CRTM),N/A,Proof of Ownership,1100000
Infinium-8,Infinium-8 (INF8),HybridScryptHash256,PoW,N/A
ConcealCoin,ConcealCoin (CNL),X11,PoW,8500000
Digital Bullion Gold,Digital Bullion Gold (DBG),PoS,PoS,15000000
Binance Coin,Binance Coin (BNB),N/A,N/A,200000000
BenjiRolls,BenjiRolls (BENJI),Scrypt,PoW,35520400
DeOxyRibose,DeOxyRibose (XNA),X11,PoS,0
InceptionCoin,InceptionCoin (INCP),X11,PoW/PoS,N/A
Avalon,Avalon (AVA),N/A,N/A,10000000
SelenCoin,SelenCoin (SEL),PoS,PoS,159680000
SONM,SONM (SNM),N/A,N/A,444000000
Aero Coin,Aero Coin (AERO),X13,PoS,7000000
Mycelium Token,Mycelium Token (MT),N/A,N/A,5311
RadonPay,RadonPay (RDN),N/A,PoS,0
Tianhe,Tianhe (TIA),Lyra2RE,N/A,21000000
Kraken,Kraken (KRAK),SHA256,PoW/PoS,20 000 000
DarkShibe,DarkShibe (DSB),Scrypt,PoW,2043962
IceBergCoin,IceBergCoin (ICB),NIST5,PoW/PoS,8750000
Alexandrite,Alexandrite (ALEX),SHA256,PoW/PoS,1268000
Quoine Liquid,Quoine Liquid (QASH),N/A,N/A,1000000000
Smart Investment Fund Token,Smart Investment Fund Token (SIFT),N/A,N/A,"722,935"
MurrayCoin,MurrayCoin (MRY),Scrypt,PoW,58000000
BitStone,BitStone (BST),X11,PoW/PoS,N/A
Bitcoin Gold,Bitcoin Gold (BTG),Equihash,PoW,21000000
PetroDollar,PetroDollar (XPD),SHA256D,N/A,122107462
ODMCoin,ODMCoin (ODMC),N/A,N/A,25000
Rebellious,Rebellious (REBL),N/A,N/A,696000000
ChanCoin,ChanCoin (4CHN),Scrypt,PoW,30000000
DarkToken,DarkToken (DT),NIST5,PoW/PoS,0
AirSwap,AirSwap (AST),N/A,N/A,500000000
Vaporcoin,Vaporcoin (VAPOR),SHA256,PoW/PoS,2000000
Peerplays,Peerplays (PPY),N/A,N/A,5916684
Tether,Tether (USDT),N/A,N/A,N/A
Spoon,Spoon (SPN),N/A,N/A,100000000
IncaKoin,IncaKoin (NKA),SHA256,PoW/PoS,N/A
GSM Coin,GSM Coin (GSM),X11,PoW/PoS,1800000
Coinomat,Coinomat (CNMT),N/A,N/A,3000000
Rhea,Rhea (RHEA),N/A,N/A,50000000
Equibit,Equibit (EQB),N/A,N/A,1000000
CAIx,CAIx (CAIx),Scrypt,PoS,0
SmartBillions,SmartBillions (SMART*),N/A,N/A,7852650
BlockCAT,BlockCAT (CAT*),N/A,N/A,9200151.38980767339651393
Bismuth,Bismuth (BIS),N/A,PoW,109999978
QoraCoin,QoraCoin (QORA),N/A,PoS,10000000000
Scotcoin,Scotcoin (SCOT),Counterparty,N/A,1000000000
Monero Gold,Monero Gold (XMRG),N/A,N/A,21000000 
Media Network Coin,Media Network Coin (MNT*),N/A,N/A,125000000
EtherLite,EtherLite (ETL),N/A,N/A,100000
Resumeo Shares,Resumeo Shares (RMS),NIST5,PoS,9188302
DigiPulse,DigiPulse (DGPT),N/A,N/A,5420726
Acumen,Acumen (AMT),N/A,N/A,N/A
Gamecredits,Gamecredits (GAME),Scrypt,PoW,84000000
Sugar Exchange,Sugar Exchange (SGR),N/A,N/A,80000000
CryptoJournal,CryptoJournal (CJC),PoS,PoS,100000000
Ghoul Coin,Ghoul Coin (GHOUL),N/A,PoW/PoS,0
B2B,B2B (B2BX),N/A,N/A,19822337.199585433103319875
SpinCoin,SpinCoin (SPC),NIST5,PoW/PoS,0
Primas,Primas (PST),N/A,N/A,100000000
Icobid,Icobid (ICOB),Scrypt,PoW/PoS,200000000 
OmiseGo,OmiseGo (OMG),N/A,PoS,140245398
DAO.casino,DAO.casino (BET*),N/A,N/A,167270821
eREAL,eREAL (EREAL),N/A,N/A,207000000
Etheriya,Etheriya (RIYA),N/A,N/A,1861532
FlavorCoin,FlavorCoin (FLVR),SHA256,PoW/PoS,N/A
Save The Ocean,Save The Ocean (STO),X11,PoW/PoS,150000000
HTML Coin,HTML Coin (HTML5),X15,PoW/PoS,90000000000
Harbour DAO,Harbour DAO (HRB),N/A,N/A,19.125
Goldmaxcoin,Goldmaxcoin (GMX),Scrypt,PoW,84000000
Interstellar Holdings,Interstellar Holdings (HOLD),Scrypt,PoS,1970000000
ColossusCoinXT,ColossusCoinXT (COLX),X11,PoS,21000000000
MinCoin,MinCoin (MNC),Scrypt,PoW,10000000
Condensate,Condensate (RAIN),X11,PoW/PoS,500000000
Corion,Corion (COR),N/A,N/A,N/A
YAYcoin,YAYcoin (YAY),Scrypt,PoW/PoS,N/A
Zenome,Zenome (ZNA),N/A,N/A,N/A
Dragonchain,Dragonchain (DRGN),N/A,N/A,433494437
MadCoin,MadCoin (MDC*),Scrypt,PoW,10000000
Song Coin,Song Coin (SONG),Scrypt,PoW,210240000
BQCoin,BQCoin (BQC),Scrypt,PoW,88000000
Leverj,Leverj (LEV),N/A,N/A,1000000000
ArgusCoin,ArgusCoin (ARGUS),Scrypt,PoW/PoS,28600000
ZrCoin,ZrCoin (ZRC),N/A,N/A,4988894
Quebecoin,Quebecoin (QBC),X11,N/A,21000000
AIX,AIX (AXT),N/A,N/A,20000000
GlobalToken,GlobalToken (GLT),SHA256,PoW,168000000
SterlingCoin,SterlingCoin (SLG),X13,PoS,0
ZCashGOLD,ZCashGOLD (ZCG),N/A,N/A,5000000
Emercoin,Emercoin (EMC),SHA256,PoW/PoS,1000000000
Manet Coin,Manet Coin (MAT*),Scrypt,PoW/PoS,215000000
TokenDesk,TokenDesk (TDS),N/A,N/A,14683321.428571428571428571
SecretCoin,SecretCoin (SCRT),X11,PoW/PoS,21000000
StalinCoin,StalinCoin (STALIN),X11,PoW/PoS,3000000000
808,808 (808),SHA256,PoW/PoS,N/A
RenosCoin,RenosCoin (RNS),Scrypt,PoS,34426423
TrackNetToken,TrackNetToken (MTN),N/A,N/A,100000000
BoostCoin,BoostCoin (BOST),X13,PoW/PoS,N/A
EagsCoin,EagsCoin (EAGS),X11,PoW/PoS,20445500
Matryx,Matryx (MTX),N/A,N/A,N/A
JunkCoin,JunkCoin (JKC),Scrypt,PoW,107000000
Opair,Opair (XPO),PoS,PoS,74000000
CoralPay,CoralPay (CORAL),X13,PoS,21000000
MyriadCoin,MyriadCoin (XMY),Multiple,PoW,2000000000
Cloud,Cloud (CLD),N/A,N/A,60000000
IOU1,IOU1 (IOU),N/A,N/A,100000000
HazMatCoin,HazMatCoin (HZT),Scrypt,PoW/PoS,100000000
Sanderon,Sanderon (SDRN),N/A,N/A,50000000
KryptCoin,KryptCoin (KTK),Scrypt,PoS,17000000
Subscriptio,Subscriptio (SUB*),PoS,PoS,10000000
Cashaa,Cashaa (CAS),N/A,N/A,1000000
BananaBits,BananaBits (NANAS),Scrypt,PoW/PoS,0
Supcoin,Supcoin (SUP),N/A,PoW,0
Paragon,Paragon (PRG),N/A,N/A,200000000
LeaCoin,LeaCoin (LEA),SHA256,PoW,2000000000
VidioCoin,VidioCoin (VDO),X11,PoW/PoS,0
TheGCCcoin,TheGCCcoin (GCC*),X13,PoW/PoS,2400000000
Russian Mining Coin,Russian Mining Coin (RMC),N/A,N/A,10756.8259
Quicksilver coin,Quicksilver coin (QSLV),X11,PoW,33000000
Ride My Car,Ride My Car (RIDE),PoS,PoS,100000000
CryptoJacks,CryptoJacks (CJ),X13,PoW/PoS,500000000
BitCrystals,BitCrystals (BCY),Counterparty,N/A,100000000
ExtremeCoin,ExtremeCoin (XT),Scrypt,PoW/PoS,N/A
SmartCoin,SmartCoin (SMC),Scrypt,PoW,51200000
Goonies,Goonies (GOON),Scrypt,PoW,270875968
MinersReward,MinersReward (MRT),N/A,N/A,10000000
NewZealandCoin,NewZealandCoin (NZC),Scrypt,PoW,335800000
SARCoin,SARCoin (SAR),SHA256,PoS,N/A
AcesCoin,AcesCoin (AEC),X11,PoS,98000000
ShrekCoin,ShrekCoin (SHREK),Scrypt,PoW/PoS,1246000000
ChoofCoin,ChoofCoin (CHOOF),Scrypt,PoW/PoS,40000000
Goat,Goat (GOAT),Scrypt,PoW/PoS,N/A
ZABERcoin,ZABERcoin (ZAB),N/A,N/A,10000000
Rustbits,Rustbits (RUSTBITS),N/A,N/A,100000000
Metaverse,Metaverse (ETP),Ethash,N/A,100000000
PhilosophersStone,PhilosophersStone (PHS),Scrypt,PoW,8891840
iWallet,iWallet (IW),X11,PoW/PoS,2142857142.86
DimeCoin,DimeCoin (DIME),Quark,PoW,N/A
CryptoCircuits,CryptoCircuits (CIRC),vDPOS,PoS,0
Rockchain,Rockchain (ROK),N/A,N/A,100000000
Litecoin,Litecoin (LTC),Scrypt,PoW,84000000
RaiBlocks,RaiBlocks (XRB),Blake2b,PoW,340282367
Credits,Credits (CRE),SHA256,PoW/PoS,30000000
Ratio,Ratio (RATIO),PoS,PoS,100000000
MoinCoin,MoinCoin (MOIN),N/A,PoW/PoS,184000000
Quantstamp,Quantstamp (QSP),N/A,N/A,976442388.3211
MemoryCoin,MemoryCoin (MMC),Multiple,PoW,10000000
FriendshipCoin,FriendshipCoin (FSC2),Scrypt,PoW/PoS,0
AC3,AC3 (AC3),X11,PoW,100000000
LeninCoin,LeninCoin (LENIN),SHA256D,PoW,100000000
Social Media Coin,Social Media Coin (SMAC),X11,PoW/PoS,0
MoonCoin,MoonCoin (MOON),Scrypt,PoW,384000000000
TrollTokens,TrollTokens (TKN*),SHA256,PoW/PoS,860000000
ICOBox,ICOBox (ICOS),N/A,N/A,591617
GiftNet,GiftNet (GIFT),X13,PoW,6750000
iEthereum,iEthereum (IETH),N/A,N/A,18000000
InCoin,InCoin (IN),X11,PoW/PoS,N/A
Rublebit,Rublebit (RUBIT),Scrypt,PoW,100000000
WMCoin,WMCoin (WMC),X11,PoS,1000000000
Veritaseum,Veritaseum (VERI),N/A,N/A,100000000
Request Network,Request Network (REQ),N/A,N/A,1000000000
Grantcoin,Grantcoin (GRT),SHA256,Pow,10031749627.87000084
PacCoin,PacCoin (PAC),SHA256D,PoW,100000000000000
Quatloo,Quatloo (QTL),Scrypt,PoW,100000000
AeroMe,AeroMe (AM),X13,PoW/PoS,12000000
GayCoin,GayCoin (GAY),X11,PoW/PoS,10000000000
Universe,Universe (UNI),Scrypt,PoS,112000000
Gx Coin,Gx Coin (GXC),N/A,N/A,10000000
Embers,Embers (MBRS),N/A,N/A,50000000
1337,1337 (1337),X13,PoW/PoS,314159265359
BitLux,BitLux (LUX*),X11,PoW/PoS,0
Fujinto,Fujinto (NTO),N/A,N/A,400000000
InvisibleCoin,InvisibleCoin (IVZ),N/A,PoS,1000000
Monster Byte Inc,Monster Byte Inc (MBI),N/A,N/A,40000000
Octanox,Octanox (OTX),X11,PoW/PoS,7905634
Masari,Masari (MSR),CryptoNight,PoW,18500000
Render Token,Render Token (RNDR),N/A,N/A,N/A
Chronologic,Chronologic (DAY),N/A,N/A,806812
BigUp,BigUp (BIGUP),N/A,PoS,4000000000
BitBay,BitBay (BAY),N/A,PoS,N/A
BeckSang,BeckSang (ARI*),N/A,N/A,5000000000
XinFin Coin,XinFin Coin (XDC),SHA256,PoS,100000000000
CraigsCoin,CraigsCoin (CRAIG),X11,PoS,30000000
HiCoin,HiCoin (XHI),Scrypt,PoS,10008835635
Kurrent,Kurrent (KURT),X11,PoW,228000000
TeamUP,TeamUP (TEAM),PoS,PoS,301000000
Zen Protocol,Zen Protocol (ZEN*),N/A,N/A,100000000
Blocktix,Blocktix (TIX),N/A,N/A,62500000
Wagerr,Wagerr (WGR),PoS,N/A,200000000
Nybble,Nybble (NBL),Scrypt,PoW,210000000
High Performance Blockchain,High Performance Blockchain (HPB),DPoS,N/A,N/A
NavCoin,NavCoin (NAV),X13,PoW/PoS,0
KATZcoin,KATZcoin (KAT),SHA256D,PoW/PoS,100000000
FreeCoin,FreeCoin (FRE),PoS,PoS,50000000
ZoneCoin,ZoneCoin (ZNE),Scrypt,PoW/PoS,21000000
GAKHcoin,GAKHcoin (GAKH),Scrypt,PoW/PoS,3315789
Stellar,Stellar (XLM),N/A,N/A,100804167793
RonPaulCoin,RonPaulCoin (RPC),Scrypt,PoW,21000000
CloakCoin,CloakCoin (CLOAK),X13,PoW/PoS,N/A
Solarflarecoin,Solarflarecoin (SFC),Scrypt,PoW,20000000
Substratum Network,Substratum Network (SUB),N/A,N/A,600000000
FistBump,FistBump (FIST),X13,PoW/PoS,N/A
SysCoin,SysCoin (SYS),Scrypt,PoW,2000000000
AXRON,AXRON (AXR),N/A,N/A,0
Useless Ethereum Token,Useless Ethereum Token (UET),N/A,N/A,3965716.0979
Flixxo,Flixxo (FLIXX),N/A,N/A,189151328.5746
DigiByte,DigiByte (DGB),Multiple,PoW,21000000000
Goldea,Goldea (GEA),N/A,N/A,3000000
Dropcoin,Dropcoin (DRC),N/A,PoS,500000000
MeLite,MeLite (MLITE),SHA256D,PoW/PoS,1.000.000
Monaize,Monaize (MNZ),Equihash,PoW/DPoW,257142857
Kencoin,Kencoin (KCN),N/A,N/A,1000000000
DetectorToken,DetectorToken (DTCT),N/A,N/A,N/A
HomeBlockCoin,HomeBlockCoin (HBC),X11,PoW/PoS,28000000
CyberMiles,CyberMiles (CMT*),N/A,N/A,1000000000
Obits Coin,Obits Coin (OBITS),N/A,N/A,18276898
CodeTract,CodeTract (CTT),N/A,N/A,N/A
BrickBlock,BrickBlock (BBT*),N/A,N/A,N/A
TimesCoin,TimesCoin (TMC),N/A,N/A,16000000
Ludum token,Ludum token (LDM),N/A,N/A,404926.7576
CoinFi,CoinFi (COFI),N/A,N/A,300000000
Amygws,Amygws (AMY),Scrypt,PoW,23333333
PayCoin,PayCoin (XPY),SHA256,PoS,12500000
Nexium,Nexium (NXC),N/A,N/A,100000000
CBD Crystals,CBD Crystals (CBD),PoS,N/A,50000000
e-Chat,e-Chat (ECHT),N/A,N/A,300000000
ZSEcoin,ZSEcoin (ZSE),X11,PoW/PoS,2093500000
FLASH coin,FLASH coin (FLASH),N/A,N/A,900000000
Scorum,Scorum (SCR),DPoS,DPoS,20000000
WavesGO,WavesGO (WGO),N/A,N/A,10000000
ProsperCoin,ProsperCoin (PRC),Scrypt,PoW,21000000
MoneyCoin,MoneyCoin (MONEY),Scrypt,PoW/PoS,650659833
Ethereum Black,Ethereum Black (ETBT),N/A,N/A,3999998.59851
Stratis,Stratis (STRAT),X13,PoW/PoS,N/A
StrongHands,StrongHands (SHND),SHA256D,PoW/PoS,N/A
Umbrella Coin,Umbrella Coin (UMC),N/A,N/A,100000000
StartCoin,StartCoin (START),X11,PoW,45079785
Maecenas,Maecenas (ART),N/A,N/A,100000000
CovenCoin,CovenCoin (COV*),SHA256,PoW/PoS,33000
Basic Attention Token,Basic Attention Token (BAT),N/A,N/A,1500000000
Skrilla Token,Skrilla Token (SKR*),N/A,N/A,405545345
RazorCoin,RazorCoin (RZR),Scrypt,PoW,4000000
Aegis,Aegis (AGS),X13,PoS,0
DickCoin,DickCoin (DCK),X11,PoW/PoS,N/A
RingCoin,RingCoin (RING),Scrypt,PoW/PoS,1900000000
Simple Token,Simple Token (OST),N/A,N/A,800000000
Streamr DATAcoin,Streamr DATAcoin (DATA),N/A,N/A,987154514
LockChain,LockChain (LOC*),N/A,N/A,18585933
DogeGoreCoin,DogeGoreCoin (DGORE),X11,PoW/PoS,500000000
Numerai,Numerai (NMR),N/A,N/A,2297106
Ethereum.Link,Ethereum.Link (LNK),N/A,N/A,47503.2535
SkullBuzz,SkullBuzz (SKB),SHA256,PoS,0
Energo,Energo (TSL),N/A,N/A,1000000000
Open Trading Network,Open Trading Network (OTN),N/A,N/A,100000000
Exscudo,Exscudo (EON),N/A,DPoS,N/A
XG Sports,XG Sports (XG),XG Hash,PoW/PoS,0
DOVU,DOVU (DOVU),N/A,N/A,1200000000
Time New Bank,Time New Bank (TNB),N/A,N/A,5541877892.218590616799998
Persistent Information Exchange,Persistent Information Exchange (PIE),PoS,PoS,N/A
Gladius,Gladius (GLA),N/A,N/A,96300000
ZenCash,ZenCash (ZEN),Equihash,PoW,21000000
Boulle,Boulle (BOU),N/A,N/A,N/A
NXEcoin,NXEcoin (NXE),NIST5,PoW/PoS,2200000
EmiratesGoldCoin,EmiratesGoldCoin (EMIGR),SHA256,PoW,4000000
Prospectors,Prospectors (PGL),N/A,N/A,220000000
Lazarus,Lazarus (LAZ),DPoS,DPoS,10000000
CCCoin,CCCoin (CCC),N/A,N/A,2500000
DarkKush,DarkKush (DANK),X13,PoW/PoS,3000000
Veros,Veros (VRS),N/A,N/A,10000000000
Expanse,Expanse (EXP),Ethash,PoW,16906397
Hydrominer,Hydrominer (H2O),N/A,N/A,100000000
RiptideCoin,RiptideCoin (RIPT),N/A,N/A,17999429.802
DuckDuckCoin,DuckDuckCoin (DUCK),Scrypt,PoW,121
DarkCrave,DarkCrave (DCC),SHA256,PoW/PoS,277500
TwisterCoin,TwisterCoin (TWIST),X11,PoW/PoS,3195000
KiloCoin,KiloCoin (KLC),Scrypt,PoW,10000000000
EducoinV,EducoinV (EDC),Scrypt,PoW/PoS,99000000
Giotto Coin,Giotto Coin (GOT),Scrypt,PoW/PoS,233100000
Bitcomo,Bitcomo (BM*),N/A,N/A,170000000
Loco,Loco (LOC),Quark,PoW/PoS,N/A
ShieldCoin,ShieldCoin (SHLD),X15,PoW/PoS,1000000
ICASH,ICASH (ICASH),X11,PoW,1000000
REX,REX (REX),N/A,N/A,24041497.2407
SolarCoin,SolarCoin (SLR),Scrypt,PoW,98100000000
BillaryCoin,BillaryCoin (BLRY),Scrypt,PoW/PoS,42000000
CPROP,CPROP (MLS),N/A,N/A,100000000
GoldenBird,GoldenBird (XGB),X13,PoW/PoS,450000000
DubCoin,DubCoin (DUB),X15,PoW/PoS,0
BridgeCoin,BridgeCoin (BCO),Scrypt,PoW,27000000
MicroMoney,MicroMoney (AMM),N/A,N/A,17532943.47918
Sparks,Sparks (SPK),NeoScrypt,PoW,N/A
LiteCoin Ultra,LiteCoin Ultra (LTCU),Scrypt,PoW/PoS,150000000
BitCoal,BitCoal (COAL),CryptoNight,PoW,12500000
Insanity Coin,Insanity Coin (WOLF),X11,PoW,50000000
Hackspace Capital,Hackspace Capital (HAC),N/A,N/A,1000000000
SlimCoin,SlimCoin (SLM),N/A,PoB,0
Digix DAO,Digix DAO (DGD),N/A,N/A,1999421
Spots,Spots (SPOTS),N/A,PoW/PoS,12730
Lisk,Lisk (LSK),DPoS,DPoS,159918400
ChainLink,ChainLink (LINK),N/A,N/A,1000000000 
PeepCoin,PeepCoin (PCN),N/A,PoW/PoS,40000000000
HunterCoin,HunterCoin (HUC),Multiple,PoW,42000000
DigiCube,DigiCube (CUBE),N/A,PoS,N/A
AdEx,AdEx (ADX),N/A,N/A,100000000
Bounty0x,Bounty0x (BNTY),N/A,N/A,500000000
Bitcloud 2.0,Bitcloud 2.0 (BTDX),Quark,PoW/PoS,200000000
Enigma,Enigma (ENG),N/A,N/A,150000000
Uquid Coin,Uquid Coin (UQC),N/A,N/A,40000000
CapriCoin,CapriCoin (CPC),X11,PoW/PoS,208000000
Scorista,Scorista (SCOR),N/A,N/A,N/A
GrexitCoin,GrexitCoin (GREXIT),N/A,PoS,N/A
KushCoin,KushCoin (KUSH),X11,PoW/PoS,9354000
LTBCoin,LTBCoin (LTBC),N/A,PoP/PoV/PoQ,0
ArpaCoin,ArpaCoin (ARPA),SHA256D,PoW/PoS,N/A
Nebuchadnezzar,Nebuchadnezzar (NEBU),PoS,PoS,20000000
GravityBit,GravityBit (GBIT),Scrypt,PoW/PoS,5333000
PlatinumBAR,PlatinumBAR (XPTX),Quark,PoW/PoS,N/A
Squall Coin,Squall Coin (SQL),X11,PoS,0
SapienceCoin,SapienceCoin (XAI),X11,PoB/PoS,0
Soma,Soma (SCT*),N/A,N/A,60000000
BitBoss,BitBoss (BOSS),SHA256,PoW/PoS,N/A
CryptoFocus,CryptoFocus (FCS),X11,PoW/PoS,0
Coin,Coin (COIN*),SHA256,PoW,N/A
Veltor,Veltor (VLT),N/A,PoW,N/A
MayaCoin,MayaCoin (MYC),Scrypt,PoW/PoS,250000000
Elite 888,Elite 888 (8S),N/A,N/A,888
Diggits,Diggits (DIGS),Scrypt,PoS,100000000
Pakcoin,Pakcoin (PAK),Scrypt,PoW,182000000
YoCoin,YoCoin (YOC),Scrypt,PoW,168351300
CheckCoin,CheckCoin (CXC),N/A,PoS,100000000
Byteball,Byteball (GBYTE),N/A,N/A,1000000
LuckChain,LuckChain (BASH),Scrypt,PoW/PoS,1000000000
Brat,Brat (BRAT),N/A,N/A,1000000000
Free Game Zone,Free Game Zone (FGZ),Scrypt,PoW,44775520
ProCoin,ProCoin (XPRO),X15,PoW/PoS,6000000
DavorCoin,DavorCoin (DAV),Scrypt,N/A,40000000
BeardDollars,BeardDollars (BRDD),Scrypt,PoW/PoS,21212121
Babes and Nerds,Babes and Nerds (BAN),PoS,N/A,150000000
ArubaCoin,ArubaCoin (AUA),N/A,N/A,18000000
SatoshiMadness,SatoshiMadness (MAD),PoS,PoS,2000000000
President Clinton,President Clinton (HILL),N/A,N/A,57968072167
Waves,Waves (WAVES),Leased POS,LPoS,100000000
SyncCoin,SyncCoin (SYNC),X11,PoW/PoS,1000
Megastake,Megastake (XMS),X11,PoW/PoS,0
Pebble Coin,Pebble Coin (XPB),CryptoNight,PoW,0
SwingCoin,SwingCoin (SWING),SHA256,PoW/PoS,40000000
XDE II,XDE II (XDE2),SHA256,PoS,N/A
Clickcoin,Clickcoin (CLICK),PoS,PoS,N/A
PizzaCoin,PizzaCoin (PIZZA),X11,PoW,25000000
NXTTY,NXTTY (NXTTY),N/A,N/A,0
Graft Network,Graft Network (GRF),CryptoNight,PoW/PoS,18446744
Creatio,Creatio (XCRE),PoS,PoS,20000000
Polybius,Polybius (PLBT),N/A,N/A,20000000
BlueCoin,BlueCoin (BLU),X11,PoW/PoS,500000000
VirtualMining Coin,VirtualMining Coin (VMC),Scrypt-n,PoW,1000000
BlueDragon,BlueDragon (BDR),N/A,N/A,728121985
People,People (MAN),Scrypt,PoW,7500000000
Insane Coin,Insane Coin (INSN),X11,PoW/PoS,30000000
ReturnBit,ReturnBit (RBIT),Scrypt,PoW,N/A
Sether,Sether (SETH),N/A,N/A,100000000
ByteCoin,ByteCoin (BTE),SHA256,PoW,21000000 
Augur,Augur (REP),N/A,N/A,11000000
Transfer,Transfer (TX),X11,PoW/PoS,0
Boats and Bitches,Boats and Bitches (BNB*),X11,PoS,696969
U.CASH,U.CASH (UCASH),N/A,N/A,21000000000
DevCoin,DevCoin (DVC),SHA256,PoW,21000000000
XCoin,XCoin (XCO),SHA256,PoW/PoS,0
BigCoin,BigCoin (HUGE),Blake,PoW,164429865
ScryptToken,ScryptToken (SCT),Scrypt,PoW/PoS,8842105
MarxCoin,MarxCoin (MARX),X11,PoW,100640000
Change,Change (CAG),N/A,N/A,79184116
Wi Coin,Wi Coin (WIC),N/A,N/A,100000000
Legendary Coin,Legendary Coin (LGD*),Scrypt,PoW/PoS,10000000
LyraBar,LyraBar (LYB),Lyra2RE,PoW/PoS,0
Invictus,Invictus (INV),X11,PoW/PoS,N/A
Debitum Token,Debitum Token (DEB),N/A,N/A,400000000
IoT Chain,IoT Chain (ITC),N/A,N/A,100000000
Wanchain,Wanchain (WAN),N/A,PoS,N/A
CobraCoin,CobraCoin (COX),Scrypt,PoW/PoS,1012941176
JIO Token,JIO Token (JIO),N/A,N/A,8888888
Gridmaster,Gridmaster (GMC),Scrypt,PoW,84000000
Regalcoin,Regalcoin (REC),X11,PoW/PoS,27000000
Decent.bet,Decent.bet (DBET),N/A,N/A,133039762.4203
SharkCoin,SharkCoin (SAK),SHA256,PoW,400000000
BitzCoin,BitzCoin (BTZ),X11,PoW/PoS,N/A
Asiadigicoin,Asiadigicoin (ADCN),Scrypt,PoW,42000000
SmurfCoin,SmurfCoin (SMF),Scrypt,PoW/PoS,2500000000
SwagBucks,SwagBucks (BUCKS),Scrypt,PoW/PoS,N/A
CypherPunkCoin,CypherPunkCoin (CYP),QuBit,PoW,0
Ubiqoin,Ubiqoin (UBIQ),Progressive-n,PoS,500000000
Sense Token,Sense Token (SENSE),N/A,N/A,1000000000
SirinLabs,SirinLabs (SRN),N/A,N/A,N/A
HappyCreatorCoin ,HappyCreatorCoin  (HCC),Scrypt,PoW,100100400000
Cosmos,Cosmos (ATOM*),PoS,N/A,N/A
deCLOUDs,deCLOUDs (DCS),N/A,PoS,100000000
GigCoin,GigCoin (GIG),X11,PoW,0
Let it Ride,Let it Ride (LIR),POS 3.0,PoS,33500000
StorjCoin,StorjCoin (SJCX),Counterparty,PoS,500000000
LiteCreed,LiteCreed (LTCR),QuBit,PoW/PoS,78835200
Crown Coin,Crown Coin (CRW),SHA256,PoW,42000000
Monaco,Monaco (MCO),N/A,N/A,31587682.3632061
Index ERC20,Index ERC20 (ERC20),N/A,N/A,12079767119
BlakeStar,BlakeStar (BLAS),Blake2S,PoW/PoS,2400000000
Rivetz,Rivetz (RVT),N/A,N/A,200000000
WRTcoin,WRTcoin (WRT),X11,PoW,25000000000
Zennies,Zennies (ZENI),Scrypt,PoS,1000000000
Neuro,Neuro (NRO),SHA256,PoW/PoS,20000000
HTML Coin,HTML Coin (HTML),SHA256,PoW/PoS,90000000000
Viral Coin,Viral Coin (VIRAL),Scrypt,PoS,0
SportsCoin,SportsCoin (SPORT),X11,PoS,20000000
Printerium,Printerium (PRX),Scrypt,PoW/PoS,20000000
Charity Coin,Charity Coin (CHA),Scrypt,PoW,500000
AmberCoin,AmberCoin (AMBER),X11,PoW/PoS,1000000000
WarCoin,WarCoin (WRC*),Scrypt,PoW/PoS,11666667
AirToken,AirToken (AIR),N/A,N/A,1491492558
TechShares,TechShares (THS),DPoS,DPoS,600000000
TitCoin,TitCoin (TIT),SHA256,PoW,69000000
Bloom Token,Bloom Token (BLT),N/A,N/A,150000000
Safecoin,Safecoin (SFE),N/A,PoW/PoS,N/A
PSIcoin,PSIcoin (PSI),X11,PoS,696969
Pepe,Pepe (MEME),X11,PoW/PoS,N/A
Clout,Clout (CLOUT),N/A,N/A,100000000
Influxcoin,Influxcoin (INFX),X11,PoW/PoS,12000000
StashPay,StashPay (STP),N/A,N/A,500000000
SmartHoldem,SmartHoldem (STH),DPoS,DPoS,240000000
Zero,Zero (ZER),Equihash,PoW,78948000
Obsidian,Obsidian (ODN),SHA-512,PoS,91388946
RCoin,RCoin (RCN*),SHA256,N/A,5000000000
NEO,NEO (NEO),N/A,N/A,100000000
BuzzCoin,BuzzCoin (BUZZ),SHA256D,PoW/PoS,21000000000
XP,XP (XP),SHA256,PoW/PoS,N/A
FujiCoin,FujiCoin (FJC),Scrypt-n,N/A,10000000000
Time,Time (TIME),N/A,N/A,710113
Luxmi Coin,Luxmi Coin (LUX**),N/A,PoW/PoS,N/A
IrishCoin,IrishCoin (IRL),Scrypt,PoW,64000000
FireRoosterCoin,FireRoosterCoin (FRC),SHA256,PoW,2602410
NiceCoin,NiceCoin (NICE),Scrypt,PoW,N/A
Kapu,Kapu (KAPU),DPoS,DPoS,115000000
InflationCoin,InflationCoin (IFLT),X11,PoW/PoS,N/A
NineElevenTruthCoin,NineElevenTruthCoin (NTC),Scrypt,PoW/PoS,N/A
PlexCoin,PlexCoin (PLX),N/A,N/A,1000000000
Hitcoin,Hitcoin (HTC),X11,PoW/PoS,26550000000
Authoreon,Authoreon (AUTH),N/A,N/A,1000000000
Genesis Vision,Genesis Vision (GVT),N/A,N/A,4436644
BitalphaCoin,BitalphaCoin (BAC),N/A,PoW,7850161887.50
Covesting,Covesting (COV),N/A,N/A,20000000
PseudoCash,PseudoCash (PSEUD),X13,PoW/PoS,2200000
CoolDarkCoin,CoolDarkCoin (CCX),Scrypt,PoW/PoS,11052632
Bodhi,Bodhi (BOT),N/A,N/A,100000000
Bitqy,Bitqy (BQ),N/A,N/A,10000000000
Photon,Photon (PHO),BLAKE256,PoW, 90000000000
Unitus,Unitus (UIS),Multiple,PoW,0
Nukecoinz,Nukecoinz (NKC),Scrypt,PoW,N/A
Giftcoin,Giftcoin (GFT),N/A,N/A,N/A
Pascal Lite,Pascal Lite (PASL),SHA256,PoW/PoS,N/A
Vsync,Vsync (VSX),X13,PoW/PoS,N/A
DomRaider,DomRaider (DRT),N/A,N/A,1300000000
wBTC,wBTC (WBTC),N/A,N/A,21000000
Pascal Coin,Pascal Coin (PASC),N/A,N/A,N/A
ILCoin,ILCoin (ILC),SHA256,PoW,2500000000
Digital Assets Power Play,Digital Assets Power Play (DPP),N/A,N/A,100000000
Bits Digit,Bits Digit (BITSD),N/A,N/A,N/A
Sucre,Sucre (SUCR),X11,PoW,19800000
Leverage Coin,Leverage Coin (LVG),N/A,N/A,26000
Hacker Gold,Hacker Gold (HKG),N/A,N/A,N/A
Vechain,Vechain (VEN),N/A,N/A,1000000000
IntenseCoin,IntenseCoin (ITNS),CryptoNight,PoW,N/A
XXXCoin,XXXCoin (XXX),Scrypt,PoW/PoS,50000000
EthereumScrypt,EthereumScrypt (ETHS),Scrypt,PoW/PoS,4200000
AdToken,AdToken (ADT),N/A,N/A,1000000000
BonesCoin,BonesCoin (BON*),Scrypt,PoS,N/A
StarCoin,StarCoin (STR*),Scrypt,PoW/PoS,227334008
CryptoForecast,CryptoForecast (CFT),N/A,N/A,50000000
Voyacoin,Voyacoin (VOYA),N/A,PoW,N/A
LakeBanker,LakeBanker (BAC*),N/A,N/A,500000000
ZoomCoin,ZoomCoin (ZOOM),Lyra2RE,PoW,250000
Synergy,Synergy (SNRG),X11,PoW/PoS,N/A
StarCredits,StarCredits (SRC*),N/A,N/A,20000000
SMNX,SMNX (SMNX),N/A,N/A,15000000
Arbi,Arbi (ARBI),Ethash,N/A,50000
Legends Cryptocurrency,Legends Cryptocurrency (LGD),N/A,N/A,30000000
GoldMint,GoldMint (MNT),N/A,N/A,10000000
Sandcoin,Sandcoin (SND),N/A,N/A,2684319 
BurstCoin,BurstCoin (BURST),Shabal256,PoC,2158812800
ZetaCoin,ZetaCoin (ZET),SHA256,PoW,N/A
SpainCoin,SpainCoin (SPA),Scrypt-n,PoW,50000000
World Gold Coin,World Gold Coin (WGC),SHA256,PoW,51000000
Authorship,Authorship (ATS),N/A,N/A,100000000
Hello Gold,Hello Gold (HGT),N/A,N/A,1000000000
NakomotoDark,NakomotoDark (NKT),X11,PoW/PoS,0
Phore,Phore (PHR*),POS 3.0,N/A,18773269
Doc.ai Neuron,Doc.ai Neuron (NRN),N/A,N/A,860000000
SmartCash,SmartCash (SMART),Keccak,PoW,5000000000
Centurion,Centurion (CNT),X11,PoW/PoS,N/A
CludCoin,CludCoin (CLUD),Scrypt,PoW,100200000
Global Jobcoin,Global Jobcoin (GJC),N/A,N/A,100000000
ChinaCoin,ChinaCoin (CNC),Scrypt,PoW,462500000
Hellenic Coin,Hellenic Coin (HNC),Scrypt,PoW,100000000
AdvancedInternetBlock,AdvancedInternetBlock (AIB),Scrypt,PoW,314159265359
KZCash,KZCash (KZ),X11,PoW,18000000
RedCrowCoin,RedCrowCoin (RCX),Scrypt,PoW/PoS,3966666667
Esports.com,Esports.com (ERT),N/A,N/A,60000000
Unify,Unify (UNIFY),Scrypt,PoW,18181818
Sentaro,Sentaro (SEN),Scrypt,PoW/PoS,N/A
Paycon,Paycon (CON_),X13,PoW/PoS,50000000
Viberate,Viberate (VIB),N/A,N/A,200000000
Mobius,Mobius (MOBI),N/A,N/A,888000000
Benjacoin,Benjacoin (BNC),N/A,N/A,1000000000
BitMark,BitMark (BTM),Scrypt,PoW,27580000
PlusCoin,PlusCoin (PLC),N/A,N/A,82500000000
FoodCoin,FoodCoin (FDC),N/A,N/A,N/A
Eidoo,Eidoo (EDO),N/A,N/A,90708327
MonacoCoin,MonacoCoin (XMCC),X11,PoW/PoS,9507271
Sonic Screw Driver Coin,Sonic Screw Driver Coin (SSD),SHA256,PoW/PoS,0
Project Decorum,Project Decorum (PDC),N/A,N/A,50000000
Accolade,Accolade (ACCO),Scrypt,PoW/PoS,50000000
EasyMine,EasyMine (EMT),N/A,N/A,33000000
FundRequest,FundRequest (FND),N/A,N/A,N/A
Hyperstake,Hyperstake (HYP),X11,PoW/PoS,0
NetworkCoin,NetworkCoin (NETC),X13,PoW/PoS,N/A
Skycoin,Skycoin (SKY),N/A,N/A,100000000
BlockLancer,BlockLancer (LNC),N/A,N/A,10000000
MobileGo,MobileGo (MGO),N/A,N/A,100000000
BitcoinTX,BitcoinTX (BTX*),X11,PoS,0
Adbank,Adbank (ADB),N/A,N/A,1000000000
MinexCoin,MinexCoin (MNX),Mars,N/A,19000000
GhostCoin,GhostCoin (GHC),Scrypt,PoW/PoS,750000000
FazzCoin,FazzCoin (FAZZ),PoS,PoS,N/A
BitCredit,BitCredit (BCR),Momentum,PoW,210000000
GrownCoin,GrownCoin (GROW),N/A,PoW/PoS,N/A
Napoleon X,Napoleon X (NPX),N/A,N/A,50000000
Telcoin,Telcoin (TEL),N/A,N/A,100000000000
Procom,Procom (PCM),Scrypt,PoW,28000000
LemonCoin,LemonCoin (LEMON),N/A,PoW,31000000
Nimbus Coin,Nimbus Coin (NMB),X15,PoW/PoS,25000000
LomoCoin,LomoCoin (LMC),Scrypt,PoW/PoS,1000000000
Magnet,Magnet (MAG),X11,PoW/PoS,144000000
MakeItViral,MakeItViral (MIV),Scrypt,PoW/PoS,N/A
Blackstar,Blackstar (BSTAR),X11,PoS,N/A
Halcyon,Halcyon (HAL),X15,PoW/PoS,0
GlobalBoost,GlobalBoost (BSTY),yescript,PoW,0
ChatCoin,ChatCoin (CHAT),Scrypt,PoW/PoS,52500000
CopperLark,CopperLark (CLR),SHA256,PoW,27200000
ugChain,ugChain (UGT),N/A,N/A,100000000
GameLeagueCoin,GameLeagueCoin (GML),Scrypt,PoW/PoS,500000000
Horizon,Horizon (HZ),N/A,PoS,1000000000
ATB coin,ATB coin (ATB),SHA256,PoW,N/A
Aeternity,Aeternity (AE),N/A,PoW/PoS,273685831
Modulum,Modulum (MDL),N/A,N/A,35100000
DentalFix,DentalFix (DFBT),N/A,N/A,100000000
Dber,Dber (DBR),N/A,N/A,2226000000
Frankywillcoin,Frankywillcoin (FRWC),Scrypt,PoW/PoS,7000000
Clockcoin,Clockcoin (CKC),SHA256,PoW/PoS,525000000
Gilgam,Gilgam (GGS),N/A,N/A,700000
Spectre,Spectre (XSPEC),POS 3.0,PoS,N/A
Kernalcoin,Kernalcoin (KC),SHA256,PoW,N/A
Droxne,Droxne (DRXNE),PoS,PoS,N/A
BitTokens,BitTokens (BXT),SHA256,PoW/PoS,21000000
DollarCoin,DollarCoin (DLC),SHA256,PoW,10638298
Spreadcoin,Spreadcoin (SPR),X11,PoW,20000000
Digital Rupees,Digital Rupees (DRS),Scrypt,PoS ,N/A
MedicCoin,MedicCoin (MDC),Scrypt,PoW/PoS,33000000
PostCoin,PostCoin (POST),N/A,PoS,15081003
JokerCoin,JokerCoin (JOK),Scrypt,PoW/PoS,5000000000
WineCoin,WineCoin (WINE),Scrypt,PoW/PoS,1744000000
Sequence,Sequence (SEQ),Scrypt,PoW/PoS,N/A
Tellurion,Tellurion (TELL),X11,PoW/PoS,3652422000
Newbium,Newbium (NEWB),N/A,N/A,49000000
MobileGo,MobileGo (EMGO),N/A,N/A,100000000
COSS,COSS (COSS),N/A,N/A,200000000
Rise,Rise (RISE),DPoS,PoS,N/A
BlackShadowCoin,BlackShadowCoin (BS),X11,PoW/PoS,2100000000
ExitCoin,ExitCoin (EXIT),Scrypt,PoW/PoS,756000000
Billionaire Token,Billionaire Token (XBL),N/A,N/A,3315372
Musicoin,Musicoin (MUSIC),Ethash,PoW,454898394
Jibrel Network Token,Jibrel Network Token (JNT),N/A,N/A,N/A
Intelligent Trading Technologies,Intelligent Trading Technologies (ITT),N/A,N/A,11500000
Bitcloud,Bitcloud (BTD),Scrypt,PoW/PoS,N/A
BitQuark,BitQuark (BTQ),Multiple,PoW,0
Opporty,Opporty (OPP),N/A,N/A,1000000000
ParallelCoin,ParallelCoin (DUO),Scrypt,PoW,1000000
Eticket4,Eticket4 (ET4),N/A,N/A,30000000
Elixir,Elixir (ELIX),N/A,N/A,24147007.0087
iBankCoin,iBankCoin (IBANK),Scrypt,PoW/PoS,44333333
DreamTeam Token,DreamTeam Token (DTT),N/A,N/A,N/A
BinaryCoin,BinaryCoin (BRC*),N/A,N/A,10000000
Incent,Incent (INCNT),N/A,N/A,N/A
CoffeeCoin,CoffeeCoin (CFC),PoS,PoS,N/A
Presearch,Presearch (PRE*),N/A,N/A,1000000000
BelaCoin,BelaCoin (BELA),Scrypt,PoW,54000000
Agoras Token,Agoras Token (AGRS),N/A,N/A,42000000
Votecoin,Votecoin (VOT),Equihash,PoW,220000000
Limited Coin,Limited Coin (LTD),PoS,PoS,128
Upfiring,Upfiring (UFR),N/A,N/A,N/A
Credo,Credo (CREDO),N/A,N/A,1374729257.2286
DollarOnline,DollarOnline (DLR),X11,PoW/PoS,1000000000
Ethereum Gold,Ethereum Gold (ETG),N/A,N/A,24000000
XtraBYtes,XtraBYtes (XBY),N/A,PoSign,650000000
NoirShares,NoirShares (NRS),Scrypt,PoW/PoS,5000000
CyberTrust,CyberTrust (CABS*),N/A,N/A,600000
Infinite Coin,Infinite Coin (IFC),Scrypt,PoW,9060000000000000000
TargetCoin,TargetCoin (TGT),N/A,N/A,2000100000
Labrys,Labrys (LAB),N/A,N/A,430000000
AntiLitecoin,AntiLitecoin (ANTC),Scrypt,PoW,84000000
Ripple,Ripple (XRP),N/A,N/A,38305873865
Ice Rock Mining,Ice Rock Mining (ROCK),N/A,N/A,16500000
PayPeer,PayPeer (PAYP),X11,PoW/PoS,50000000000
Kalkulus,Kalkulus (KLK),Scrypt,PoW,20000000
Netko,Netko (NETKO),Blake,N/A,25534140
Triaconta,Triaconta (TRIA),N/A,N/A,N/A
Musiconomi,Musiconomi (MCI),N/A,N/A,100000000
Ucoin,Ucoin (U),X11,PoS,20000000
RoundCoin,RoundCoin (ROUND),N/A,N/A,1000000000
TenX,TenX (PAY),N/A,N/A,205218255.9485
GermanCoin,GermanCoin (GER),Scrypt,PoW/PoS,50000000000
MudraCoin,MudraCoin (MUDRA),X13,PoS,200000000
Mercury Protocol,Mercury Protocol (GMT),N/A,N/A,1000000000
HOQU,HOQU (HQX),N/A,N/A,300854400
DarkGold,DarkGold (DGDC),X13,PoW/PoS,1000000
Hacken,Hacken (HKN),N/A,N/A,5600000
Avesta,Avesta (AVE),Avesta hash,PoW,200000000
ShortyCoin,ShortyCoin (SHORTY),PoS,PoS,100000000
InsaneCoin,InsaneCoin (INSANE),X11,PoW/PoS,22000000
HextraCoin,HextraCoin (HXT),Scrypt,N/A,29000000
AnalCoin,AnalCoin (ANAL),SHA256,N/A,600000
Hive,Hive (HVN),N/A,N/A,500000000
Cachecoin,Cachecoin (CACH),Scrypt,PoW,2000000000
Protoshares,Protoshares (PTS*),SHA256,PoW,2000000
Suretly,Suretly (SUR),N/A,N/A,N/A
ConquestCoin,ConquestCoin (CQST),X13,PoW/PoS,30000000
Vertex,Vertex (VTX),SHA256,PoW/PoS,N/A
WhiteCoin,WhiteCoin (XWC),Scrypt,PoW/PoS,300000000
Xios,Xios (XIOS),Scrypt,PoW/PoS,21000000
Arena,Arena (ARENA),N/A,N/A,14000000
TrueInvestmentCoin,TrueInvestmentCoin (TIC),Scrypt,PoW/PoS,53200000
404Coin,404Coin (404),Scrypt,PoW/PoS,532000000
Jincor,Jincor (JCR),N/A,N/A,35000000
DFSCoin,DFSCoin (DFS),Scrypt,PoW/PoS,210000000
Creditbit ,Creditbit  (CRB),N/A,N/A,16504333
FutCoin,FutCoin (FUTC),X13,PoW/PoS,0
Gnosis,Gnosis (GNO),N/A,N/A,10000000
AndromedaCoin,AndromedaCoin (AND),X11,PoW/PoS,N/A
The Vegan Initiative,The Vegan Initiative (XVE),PoS,PoS,50000000
On.Live,On.Live (ONL),N/A,N/A,111000000
CryptoCarbon,CryptoCarbon (CCRB),N/A,N/A,70000000
Bitcore,Bitcore (BTX),Time Travel,PoW,21000000
PotCoin,PotCoin (POT),Scrypt,PoW,420000000
DT Token,DT Token (DRACO),N/A,N/A,88888888
32Bitcoin,32Bitcoin (32BIT),X11,PoW/PoS,355000
ConnectJob Token,ConnectJob Token (CJT),N/A,N/A,300000000
BiosCrypto,BiosCrypto (BIOS),Quark,PoW/PoS,20190463.54969237
Kyber Network,Kyber Network (KNC),N/A,N/A,226000000
Argentum,Argentum (ARG),Scrypt,PoW,64000000
FractalCoin,FractalCoin (FRAC),X11,PoW,1000000
HappyCoin,HappyCoin (HPC),X11,PoW/PoS,100000000
GridMaster,GridMaster (GRM),N/A,N/A,0
Copico,Copico (XCPO),PoS,N/A,122500000
Craftcoin,Craftcoin (CRAFT),Scrypt,PoW/PoS,49411760
Primalbase,Primalbase (PBT),N/A,N/A,1250
Ripio,Ripio (RCN),N/A,PoW,1000000000
Darico,Darico (DARICO),N/A,240000000,60000000
PhoenixCoin,PhoenixCoin (PXC),Scrypt,PoW/PoS,98000000
GlowShares,GlowShares (GSX),N/A,PoS,0
NeoCoin,NeoCoin (NEC),Scrypt,PoW/PoS,80000000
OmiseGO Classic,OmiseGO Classic (OMGC),Scrypt,PoW/PoS,70000000
KoboCoin,KoboCoin (KOBO),X15,PoW/PoS,350000000
AriCoin,AriCoin (ARI),Scrypt,PoW,322649400
King93,King93 (KING),N/A,N/A,50000000
SagaCoin,SagaCoin (SAGA),Scrypt,PoW/PoS,N/A
PowerCoin,PowerCoin (PWR),NIST5,PoW/PoS,50021000
SmartMesh,SmartMesh (SMT*),N/A,N/A,3141592653 
Latium,Latium (LAT),N/A,N/A,30000000
Eroscoin,Eroscoin (ERO),N/A,N/A,240000000
Bitradio,Bitradio (BRO),PoS,PoS,N/A
World Crypto Gold,World Crypto Gold (WCG),SHA256,Proof of State,900000000
FIBRE,FIBRE (FIBRE),NIST5,PoW/PoS,624000
CleverHash,CleverHash (CHASH),N/A,N/A,0
Zurcoin,Zurcoin (ZUR),Quark,PoW,126000000
PolisPay,PolisPay (POLIS),X11,PoW,25000000
OptionCoin,OptionCoin (OPTION),X11,PoS,21000000
Virta Unique Coin,Virta Unique Coin (VUC),NIST5,PoW/PoS,120000000
Ammo Rewards,Ammo Rewards (AMMO),N/A,PoS,77777777
Tatiana Coin,Tatiana Coin (TAT),N/A,N/A,3000000
Global,Global (GLOBE),N/A,PoS,90000000
Local World Forwarders,Local World Forwarders (LWF),DPoS,DPoS,100000000
GanjaCoin V2,GanjaCoin V2 (GNJ),X14,PoW/PoS,100000000
TruckCoin,TruckCoin (TRK),X11,PoW/PoS,1000000
CometCoin,CometCoin (CMT),Scrypt,PoW,2000000
PAquarium,PAquarium (PQT),N/A,N/A,1200000000
LibrexCoin,LibrexCoin (LXC),X11,PoW/PoS,1000000
Aircoin,Aircoin (AIR*),Scrypt,PoW/PoS,357000000
Kay?,Kay? (KAYI),N/A,N/A,1000000000
Russiacoin,Russiacoin (RC),Scrypt,PoW/PoS,144000000
WayCoin,WayCoin (WAY),X11,PoS,100000000
CryptoSpots,CryptoSpots (CS),DPoS,DPoS,5000000
Ethersportcoin,Ethersportcoin (ESC),N/A,N/A,100000000
BitOKX,BitOKX (BITOK),Scrypt,PoS,N/A
Santiment,Santiment (SAN),N/A,N/A,83337000
Creva Coin,Creva Coin (CREVA),X11,N/A,0
BlockPool,BlockPool (BPL),DPoS,N/A,N/A
NevaCoin,NevaCoin (NEVA),N/A,PoW/PoS,26280000
OKCash,OKCash (OK),N/A,PoW/PoS,105000000
Diamond,Diamond (DMD),Groestl,PoW/PoS,4380000
Litecoin Plus,Litecoin Plus (LCP),Scrypt,PoW/PoS,4000000
Fuck Token,Fuck Token (FUCK),N/A,N/A,70856775
TittieCoin,TittieCoin (TTC),Scrypt,PoW,1000000
CarterCoin,CarterCoin (CTC),Scrypt,PoW/PoS,90000000
Darcrus,Darcrus (DAR),N/A,N/A,14055048
ImperialCoin,ImperialCoin (IPC),NeoScrypt,PoW,1600000000
Crypto20,Crypto20 (C20),N/A,N/A,N/A
Genstake,Genstake (GEN),Scrypt,PoW/PoS,0
Adshares,Adshares (ADST),N/A,N/A,12009726
CounterParty,CounterParty (XCP),N/A,PoW,2600000
Uniqredit,Uniqredit (UNIQ),SHA256D,PoW,N/A
Bitcoin Diamond,Bitcoin Diamond (BCD),X13,PoW/PoS,210000000
AudioCoin,AudioCoin (ADC),Scrypt,PoW/PoS,10500000000
Bitmxittz,Bitmxittz (BMXT),Scrypt,PoW/PoS,10000
Steps,Steps (STEPS),N/A,PoS,9243127.173
Gapcoin,Gapcoin (GAP),Scrypt,PoW/PoS,250000000
CoinonatX,CoinonatX (XCXT),Scrypt,PoW/PoS,48252000
BitGem,BitGem (BTG*),Scrypt,PoW/PoS,1500000
RiceCoin,RiceCoin (RICE),X13,PoW/PoS,10000000
Coino,Coino (CNO),Scrypt,PoW,N/A
Setcoin,Setcoin (SET),N/A,N/A,1000000000
Jinn,Jinn (JINN),N/A,N/A,1000000
SynchroCoin,SynchroCoin (SYC),N/A,N/A,100000000
Dinastycoin,Dinastycoin (DCY),CryptoNight,PoW,2000000000
RG Coin,RG Coin (RGC),NIST5,PoW/PoS,300000000
KeyCoin,KeyCoin (KEY*),X13,PoW/PoS,1000000
Heat Ledger,Heat Ledger (HEAT),N/A,PoS/PoP,26000000
RevolverCoin,RevolverCoin (XRE),X11Evo,PoW,N/A
LibertyCoin,LibertyCoin (XLB),X11,PoW/PoS,16500000
Iconic,Iconic (ICON),PoS,PoS,520000
PantherCoin,PantherCoin (PINKX),Scrypt,PoW/PoS,735000000
Snovio,Snovio (SNOV),N/A,N/A,651129644 
SaluS,SaluS (SLS),Scrypt,PoW/PoS,N/A
Onix,Onix (ONX),X11,PoW,1100000000
KickCoin,KickCoin (KICK),N/A,N/A,476222009
Lutetium Coin,Lutetium Coin (LC),X11,PoS,657000000
Redcoin,Redcoin (RED),Scrypt,PoW,N/A
Monkey Project,Monkey Project (MONK),X11,PoW/PoS,100000000
Dark,Dark (DARK),SHA256,PoW/PoS,12800000
Obscurebay,Obscurebay (OBS),X11,PoW/PoS,6562000
Flappy Coin,Flappy Coin (FLAP),Scrypt,PoW,100000000000
NameCoin,NameCoin (NMC),SHA256,PoW,21000000
BitVolt,BitVolt (VOLT),PoS,PoS,N/A
EthBet,EthBet (EBET),N/A,N/A,10000000
Mass.Cloud,Mass.Cloud (MASS),N/A,N/A,N/A
Datacoin,Datacoin (DTC*),Multiple,PoW,2000000000
BitVegan,BitVegan (VEG),PoS,PoS,600000000
XauCoin,XauCoin (XAU),SHA256,PoW,2100000
ZiftrCoin,ZiftrCoin (ZRC*),X11,PoW,450000000
CashCoin,CashCoin (CASH),Scrypt,PoW/PoS,47433600
Cryptonetix,Cryptonetix (CIX),N/A,N/A,100000000
IOTA,IOTA (IOT),N/A,Tangle,2779530283
GenesysCoin,GenesysCoin (GSY),SHA256,PoW/PoS,N/A
PeerCoin,PeerCoin (PPC),N/A,N/A,N/A
MapCoin,MapCoin (MAPC),X11,PoS,2228921.184
DonationCoin,DonationCoin (DON),Scrypt,PoW,90000000
ETHGAS,ETHGAS (EGAS),N/A,N/A,"13,792,050"
Linx,Linx (LINX),Scrypt,PoW,100000000
NPCcoin,NPCcoin (NPC),SHA256D,PoW/PoS,7000000000
BoxyCoin,BoxyCoin (BOXY),Scrypt,PoW,100000000
Follow Coin,Follow Coin (FLLW),N/A,N/A,1000000000
Visio,Visio (VISIO),X13,PoW/PoS,N/A
Neblio,Neblio (NEBL),N/A,N/A,N/A
Shift,Shift (SHIFT),DPoS,DPoS,N/A
BombCoin,BombCoin (BOMB),Scrypt,PoW/PoS,4516129032
IOCoin,IOCoin (IOC),X11,PoW/PoS,N/A
MustangCoin,MustangCoin (MST),X11,PoW/PoS,3000000
Credits,Credits (CRDS),Argon2,N/A,95000000
PesoBit,PesoBit (PSB),Scrypt,PoW/PoS,32958651
SocialCoin,SocialCoin (SOCC),Scrypt,PoW, 75000000
Xenon,Xenon (XNN),N/A,N/A,1000000000
EvilCoin,EvilCoin (EVIL),X11,PoW/PoS,21024000
Wish Finance,Wish Finance (WSH),N/A,N/A,30000000
Tennet,Tennet (TENNET),SHA256D,PoW/PoS,N/A
GothicCoin,GothicCoin (GOTX),Scrypt,PoW,313333333
TattooCoin,TattooCoin (TSE),Scrypt,PoW/PoS,500000000
BolivarCoin,BolivarCoin (BOLI),X11,PoW,25000000
BeaverCoin,BeaverCoin (BVC),Scrypt,PoW,3360000
BitClave,BitClave (CAT),N/A,N/A,2000000000
Oceanlab,Oceanlab (OCL),N/A,DPoS/LPoS,50000000
OsmiumCoin,OsmiumCoin (OS76),Scrypt,PoW,2714286
INS Ecosystem,INS Ecosystem (INS),N/A,N/A,50000000
Save and Gain,Save and Gain (SANDG),SHA256,PoW,N/A
MaieutiCoin,MaieutiCoin (MMXIV),SHA256,PoS,2014
Pura,Pura (PURA),X11,PoW,350000000
Factoids,Factoids (FCT),N/A,N/A,8753873
Moneta,Moneta (MONETA),Scrypt,PoW,184000000
NeosCoin,NeosCoin (NEOS),SHA256,PoS,21000000
Kittehcoin,Kittehcoin (MEOW),Scrypt,PoW,25000000000
23 Skidoo,23 Skidoo (CHAO),SHA256D,PoW,23
Lendoit,Lendoit (LOAN),N/A,N/A,N/A
Private Instant Verified Transaction,Private Instant Verified Transaction (PIVX),Quark,PoW/PoS,N/A
CannaCoin,CannaCoin (CCN),Scrypt,PoW,13140000
Monetha,Monetha (MTH),N/A,N/A,402400000
Samsara Coin,Samsara Coin (SMSR),QuBit,PoW/PoS,60000000
MMXVI,MMXVI (MMXVI),N/A,PoW,N/A
RootCoin,RootCoin (ROOT),Scrypt,PoW/PoS,1900000
WomenCoin,WomenCoin (WOMEN),Scrypt,PoW/PoS,25000000000
8BIT Coin,8BIT Coin (8BIT),Scrypt,PoW/PoS,0
MonetaryUnit,MonetaryUnit (MUE),Quark,PoW,N/A
FunCoin,FunCoin (FUNC),N/A,N/A,100000000
Z2 Coin,Z2 Coin (Z2),SHA256,PoW,11000000
Divi,Divi (DIVX),N/A,N/A,6171607
CoinDash,CoinDash (CDT),N/A,N/A,1000000000
WhaleCoin,WhaleCoin (WHL),Ethash,PoW,N/A
ZLiteQubit,ZLiteQubit (ZLQ),QuBit,N/A, 83075000
FireflyCoin,FireflyCoin (FFC),SHA256,PoW,700000000000
Radium,Radium (RADS),N/A,PoS,9000000
YamahaCoin,YamahaCoin (YMC),Scrypt,PoW,315000000
BitMiles,BitMiles (BTMI),Scrypt,PoW,4832660000
NoLimitCoin,NoLimitCoin (NLC),SHA256D,PoW/PoS,N/A
ExchangeN,ExchangeN (EXN),N/A,N/A,10000000
BreakoutCoin,BreakoutCoin (BRK),SHA256,PoW/PoS,42000000
NuShares,NuShares (NSR),N/A,PoS,1000000000
EncryptoTel,EncryptoTel (ETT),N/A,N/A,77663987
Rialto.AI,Rialto.AI (XRL),N/A,N/A,100000000
MIScoin,MIScoin (MIS),X11,PoW/PoS,25000000
Piggy Coin,Piggy Coin (PIGGY),X11,PoW/PoS,0
GeoFunders,GeoFunders (GUNS),N/A,N/A,100000000
RoyalCoin,RoyalCoin (RYC),Scrypt,PoW,140000000
Handelion,Handelion (HION),N/A,N/A,29750000
Curecoin,Curecoin (CURE),Scrypt,PoW,0
Decision Token,Decision Token (HST),N/A,N/A,48240069.5496
DubaiCoin,DubaiCoin (DBIC),SHA256,PoW/PoS,10500000
YesCoin,YesCoin (YES),Scrypt,PoW/PoS,N/A
Maker,Maker (MKR),N/A,N/A,1000000
CasinoCoin,CasinoCoin (CSC),Scrypt,PoW,336000000
LIFE,LIFE (LIFE),N/A,N/A,100000000000
United Arab Emirates Coin,United Arab Emirates Coin (UAEC),X11,PoW/PoS,10000000
SupplyShock,SupplyShock (M1),X13,PoW/PoS,0
Jewels,Jewels (JWL),POS 3.0,N/A,20000000
Groestlcoin ,Groestlcoin  (GRS),Groestl,PoW,105000000
CryptoPennies,CryptoPennies (CRPS),X11,PoS,1593.15
GreenCoin,GreenCoin (GRE),Scrypt,PoW,10000000000
StarCoin,StarCoin (STAR*),Scrypt,PoW/PoS,870731707
Ink,Ink (INK),N/A,N/A,1000000000
onG.social,onG.social (ONG),N/A,N/A,300000000
Ionomy,Ionomy (ION),N/A,PoS,50900000
Mutual Coin,Mutual Coin (MUT),Scrypt,PoW/PoS,1000000000
Pioneershares,Pioneershares (PIO),X11,PoW/PoS,200000
Social Media Market,Social Media Market (SMT),N/A,N/A,100000000
GameBetCoin,GameBetCoin (GBT),POS 3.0,PoS,N/A
ClearPoll,ClearPoll (POLL),N/A,N/A,9999991
DarkBit,DarkBit (DB),Scrypt,PoW/PoS,0
Eryllium,Eryllium (ERY),X11,PoW/PoS,100000000
Axiom Coin,Axiom Coin (AXIOM),N/A,PoW/PoS,0
Hawala.Today,Hawala.Today (HAT),N/A,N/A,7000000
iEx.ec,iEx.ec (RLC),N/A,N/A, 87000000
NetM,NetM (NTM),Scrypt,PoW,101318932073.89769
Unfed Coin,Unfed Coin (UNF),Scrypt,PoW,67000000
Voxels,Voxels (VOX),Scrypt,PoW,210000000
Crypviser,Crypviser (CVCOIN),N/A,N/A,15193882
ACT,ACT (ACT),N/A,N/A,10000000000
Wexcoin,Wexcoin (WEX),N/A,PoS,N/A
BAM,BAM (BAM),X11,PoW/PoS,N/A
Innova,Innova (INN),NeoScrypt,PoW,45000000
ZCoin,ZCoin (XZC),Lyra2RE,PoW,21000000
Travel Coin,Travel Coin (TRV),N/A,N/A,200000
Tomahawkcoin,Tomahawkcoin (TOM),N/A,N/A,200000000
Ignis,Ignis (IGNIS),N/A,N/A,N/A
DeltaCredits,DeltaCredits (DCRE),N/A,PoS,100000
Oyster Pearl,Oyster Pearl (PRL),N/A,N/A,108592693
NoirBits,NoirBits (NRB),SHA256,PoW,50000000
bitUSD,bitUSD (BITUSD),N/A,N/A,100000000000
DopeCoin,DopeCoin (DOPE),Scrypt,PoW,575000000
eLTC,eLTC (ELTC2),N/A,N/A,84000000
MyBit,MyBit (MYB),N/A,N/A,5000000
BattleCoin,BattleCoin (BCX),SHA256,PoS,100000000
OrlyCoin,OrlyCoin (ORLY),X15,PoW/PoS,36000000
DarkKnightCoin,DarkKnightCoin (DKC),Scrypt,PoW/PoS,24000000
Salt Lending,Salt Lending (SALT),N/A,N/A,120000000
Nuls,Nuls (NULS),N/A,N/A,40000000
Zilbercoin,Zilbercoin (ZBC),Scrypt,PoW/PoS,55000000
SyncFab,SyncFab (MFG),N/A,N/A,1000000000
Force Coin,Force Coin (FOR),N/A,PoS,220000000
AlienCoin,AlienCoin (ALN),Scrypt,PoW,200000000
Exchange Union,Exchange Union (XUC),N/A,N/A,3000000000
EOS,EOS (EOS),DPoS,DPoS,1000000000
AlpaCoin,AlpaCoin (APC),N/A,PoW,N/A
Degas Coin,Degas Coin (DEA),Scrypt,PoW/PoS,105000000
Eloplay,Eloplay (ELT),N/A,N/A,N/A
HEROcoin,HEROcoin (PLAY),N/A,N/A,252165029
Dogecoin,Dogecoin (DOGE),Scrypt,PoW,N/A
VeriCoin,VeriCoin (VRC),Scrypt,PoW/PoS,0
FlyCoin,FlyCoin (FLY),X13,PoS,N/A
FameCoin,FameCoin (FAME),QuBit,PoW/PoS,50000000
Earth Token,Earth Token (EARTH),N/A,N/A,1000000000
eBitcoinCash,eBitcoinCash (EBCH),N/A,N/A,21000000
OctoCoin,OctoCoin (OCTO),N/A,N/A,88000000
Pirl,Pirl (PIRL),Dagger,PoW,N/A
Ergo,Ergo (EFYT),N/A,N/A,150000
Incrementum,Incrementum (INC),PoS,PoS,1300000
Impulse Coin,Impulse Coin (IMPS),X13,PoW/PoS,N/A
WorldCoin,WorldCoin (WDC),Scrypt,PoW,265420800
Pepe Cash,Pepe Cash (PEPECASH),N/A,N/A,701884009
GoldCoin,GoldCoin (GLD),Scrypt,PoW,72245700
Ethereum Dark,Ethereum Dark (ETHD),Scrypt,PoW/PoS,4200000
Stakers,Stakers (STA*),PoS,PoS,100000000
Xaurum,Xaurum (XAUR),N/A,N/A,127108472.4829
BitcoinDark,BitcoinDark (BTCD),SHA256,PoW/PoS,22000000
Californium,Californium (CF),SHA256,PoW,2520000
Facecoin,Facecoin (FC),N/A,N/A,20000000
Number7,Number7 (N7),Scrypt,PoW,270967742
ProCurrency,ProCurrency (PROC),SHA256,PoS,75000000000
